feature_id	surface	level	status	test_id	paths	reason
lifecycle-recovery-panel	iced	contract	anchored	infiltrator-application::doctor_application::tests::real_command_and_reader_clone_share_reports_fix_refresh_and_permission_failure_keeps_the_last_observation;infiltrator-application::doctor_application::tests::dropping_a_pending_operation_preserves_report_and_clears_busy_with_canceled_failure_then_retry_works;infiltrator-application::doctor_actions::tests::busy_and_stale_results_cannot_complete_or_replace_a_request_and_retry_keeps_its_identity	success,error,retry	Shared diagnostic report owner, native failure recovery state machine and repair retry
lifecycle-recovery-panel	iced	scenario	anchored	infiltrator-iced::headless::doctor_action_tests::actual_doctor_command_failure_retry_single_repair_and_bootstrap_share_reader_and_keep_native_surface;infiltrator-iced::headless::doctor_action_tests::doctor_capture_initializes_without_prior_snapshot_and_actual_task_retains_finding_and_retry	success,error,retry	Shared diagnostic report owner, native failure recovery state machine and repair retry
lifecycle-recovery-panel	bevy	contract	anchored	infiltrator-application::doctor_application::tests::real_command_and_reader_clone_share_reports_fix_refresh_and_permission_failure_keeps_the_last_observation;infiltrator-application::doctor_application::tests::dropping_a_pending_operation_preserves_report_and_clears_busy_with_canceled_failure_then_retry_works;infiltrator-application::doctor_actions::tests::busy_and_stale_results_cannot_complete_or_replace_a_request_and_retry_keeps_its_identity	success,error,retry	Shared diagnostic report owner, native failure recovery state machine and repair retry
lifecycle-recovery-panel	bevy	scenario	anchored	infiltrator-bevy-ui::headless::doctor_action_tests::native_doctor_controls_execute_real_failure_retry_repair_bootstrap_and_reject_stale_command_results	success,error,retry	Shared diagnostic report owner, native failure recovery state machine and repair retry
core-version-rollback-confirm	iced	contract	anchored	infiltrator-application::version_application::tests::rollback_is_forwarded_through_the_application_facade	success,cancel,error	Shared core rollback intent, two-step confirmation dialog and failure recovery
core-version-rollback-confirm	iced	scenario	anchored	infiltrator-iced::test_mounts::business_flow_tests::runtime_tray_kernels::kernel_rollback_round_trip_uses_the_shared_operation_path;infiltrator-iced::view_root::snapshot_diff_modal::view_snapshot_diff_tests::rollback_never_executes_before_the_second_confirmation	success,cancel,error	Shared core rollback intent, two-step confirmation dialog and failure recovery
core-version-rollback-confirm	bevy	contract	anchored	infiltrator-application::version_application::tests::rollback_is_forwarded_through_the_application_facade	success,cancel,error	Shared core rollback intent, two-step confirmation dialog and failure recovery
core-version-rollback-confirm	bevy	scenario	anchored	infiltrator-bevy-ui::headless::pages_matrix_b_tests::settings_core::test_settings_core_rollback_button_submits_shared_command;infiltrator-bevy-ui::headless::pages_matrix_a_tests::profiles_snapshot::test_profiles_snapshot_diff_renders_shared_rows_and_confirms_rollback	success,cancel,error	Shared core rollback intent, two-step confirmation dialog and failure recovery
settings-permission-panel	iced	contract	anchored	infiltrator-application::privileged_network_application::tests::successful_injection_always_cleans_and_reads_back;infiltrator-application::privileged_network_application::tests::cleanup_failure_becomes_a_typed_failed_snapshot;infiltrator-contract::privileged_network::tests::standard_request_covers_each_privileged_network_surface_once	success,error,unsupported	Shared host privilege adapter, elevation guidance and typed unsupported status
settings-permission-panel	iced	scenario	anchored	infiltrator-iced::view::privileged_network_card::privileged_network_card_tests::card_consumes_cleaned_readback_without_fabricating_active_state;infiltrator-iced::headless::core_control_tests::composed_permission_failure_retains_its_code_and_retry_runs_the_same_owner	success,error,unsupported	Shared host privilege adapter, elevation guidance and typed unsupported status
settings-permission-panel	bevy	contract	anchored	infiltrator-application::privileged_network_application::tests::successful_injection_always_cleans_and_reads_back;infiltrator-application::privileged_network_application::tests::cleanup_failure_becomes_a_typed_failed_snapshot;infiltrator-contract::privileged_network::tests::standard_request_covers_each_privileged_network_surface_once	success,error,unsupported	Shared host privilege adapter, elevation guidance and typed unsupported status
settings-permission-panel	bevy	scenario	anchored	infiltrator-bevy-ui::headless::core_control_tests::a_permission_failure_retains_its_identity_and_retry_executes_the_same_native_control;infiltrator-bevy-ui::headless::pages_matrix_b_tests::privileged::test_privileged_network_regression_button_uses_shared_command	success,error,unsupported	Shared host privilege adapter, elevation guidance and typed unsupported status
settings-port-conflict-repair	iced	contract	anchored	infiltrator-application::dns_self_heal_application::tests::a_taken_listen_port_is_critical_and_suggests_the_real_repair	success,error	Shared port conflict inspection, safe process ownership resolution and repair rebind
settings-port-conflict-repair	iced	scenario	anchored	infiltrator-iced::test_mounts::business_flow_tests::runtime_tray_kernels::port_conflict_repair_replaces_the_shared_snapshot_without_killing_unknown_pids	success,error	Shared port conflict inspection, safe process ownership resolution and repair rebind
settings-port-conflict-repair	bevy	contract	anchored	infiltrator-application::dns_self_heal_application::tests::a_taken_listen_port_is_critical_and_suggests_the_real_repair	success,error	Shared port conflict inspection, safe process ownership resolution and repair rebind
settings-port-conflict-repair	bevy	scenario	anchored	infiltrator-bevy-ui::headless::surface_tests::dual_surface_headless_lifecycle_matrix_covers_failure_conflict_and_stop	success,error	Shared port conflict inspection, safe process ownership resolution and repair rebind
settings-tun-permission	iced	contract	anchored	infiltrator-application::privileged_network_application::tests::successful_injection_always_cleans_and_reads_back;infiltrator-application::privileged_network_application::tests::cleanup_failure_becomes_a_typed_failed_snapshot	success,cancel,error,unsupported	Shared TUN mode capability contract, platform permission elevation flow and recovery
settings-tun-permission	iced	scenario	anchored	infiltrator-iced::test_mounts::app_state_tests::runtime_config_replay_preserves_missing_fields_and_typed_failure_blocks_last_observed_tun;infiltrator-iced::view::settings::tests::test_tun_card	success,cancel,error,unsupported	Shared TUN mode capability contract, platform permission elevation flow and recovery
settings-tun-permission	bevy	contract	anchored	infiltrator-application::privileged_network_application::tests::successful_injection_always_cleans_and_reads_back;infiltrator-application::privileged_network_application::tests::cleanup_failure_becomes_a_typed_failed_snapshot	success,cancel,error,unsupported	Shared TUN mode capability contract, platform permission elevation flow and recovery
settings-tun-permission	bevy	scenario	anchored	infiltrator-bevy-ui::headless::pages_matrix_b_tests::settings_prepare::test_settings_prepare_tun_and_toggles_submit_commands;infiltrator-bevy-ui::headless::core_control_tests::a_permission_failure_retains_its_identity_and_retry_executes_the_same_native_control	success,cancel,error,unsupported	Shared TUN mode capability contract, platform permission elevation flow and recovery
settings-lan-security	iced	contract	anchored	infiltrator-application::runtime_query_application::tests::lan_security_patch_reads_back_acl_and_only_exposes_auth_summary;infiltrator-application::runtime_query_application::tests::lan_security_requires_credentials_when_authentication_is_enabled	success,error	Shared LAN ACL and basic authentication policy, native input draft and readback
settings-lan-security	iced	scenario	anchored	infiltrator-iced::test_mounts::iced_six_advancements_wave5_tests::test_lan_security_readback_updates_iced_acl_and_clears_password	success,error	Shared LAN ACL and basic authentication policy, native input draft and readback
settings-lan-security	bevy	contract	anchored	infiltrator-application::runtime_query_application::tests::lan_security_patch_reads_back_acl_and_only_exposes_auth_summary;infiltrator-application::runtime_query_application::tests::lan_security_requires_credentials_when_authentication_is_enabled	success,error	Shared LAN ACL and basic authentication policy, native input draft and readback
settings-lan-security	bevy	scenario	anchored	infiltrator-bevy-ui::headless::pages_matrix_b_tests::settings_lan::test_settings_lan_security_submits_acl_and_redacted_basic_auth_intent	success,error	Shared LAN ACL and basic authentication policy, native input draft and readback
overview-topology-drilldown	iced	contract	anchored	infiltrator-application::traffic_topology_navigation_application::tests::every_topology_stage_has_one_shared_destination	success,close	Shared traffic topology stages, flow indicators and stage navigation drilldown
overview-topology-drilldown	iced	scenario	anchored	infiltrator-iced::view::overview::overview_tests::topology_stage_routes_follow_the_shared_application_mapping;infiltrator-iced::test_mounts::surface_contract_tests::shared_topology_snapshot_reaches_the_iced_runtime_projection	success,close	Shared traffic topology stages, flow indicators and stage navigation drilldown
overview-topology-drilldown	bevy	contract	anchored	infiltrator-application::traffic_topology_navigation_application::tests::every_topology_stage_has_one_shared_destination	success,close	Shared traffic topology stages, flow indicators and stage navigation drilldown
overview-topology-drilldown	bevy	scenario	anchored	infiltrator-bevy-ui::headless::overview_tests::topology::topology_stage_activation_uses_shared_navigation_targets;infiltrator-bevy-ui::headless::overview_tests::overview_topology::overview_topology_hover_chain_highlight_and_activation_drilldown	success,close	Shared traffic topology stages, flow indicators and stage navigation drilldown
overview-reconnect-mask	iced	contract	anchored	infiltrator-application::reconnect_mask_application::tests::running_core_yields_normal_mask;infiltrator-application::reconnect_mask_application::tests::starting_core_yields_reloading_mask;infiltrator-application::reconnect_mask_application::tests::watchdog_waiting_yields_reconnecting_mask	success,error,retry	Shared core reload mask state, transient state degradation and watchdog reconnection
overview-reconnect-mask	iced	scenario	anchored	infiltrator-iced::test_mounts::surface_contract_tests::shared_reconnect_mask_reaches_the_iced_runtime_projection;infiltrator-iced::test_mounts::surface_contract_tests::hot_reload_snapshot_keeps_the_session_identity_and_generation	success,error,retry	Shared core reload mask state, transient state degradation and watchdog reconnection
overview-reconnect-mask	bevy	contract	anchored	infiltrator-application::reconnect_mask_application::tests::running_core_yields_normal_mask;infiltrator-application::reconnect_mask_application::tests::starting_core_yields_reloading_mask;infiltrator-application::reconnect_mask_application::tests::watchdog_waiting_yields_reconnecting_mask	success,error,retry	Shared core reload mask state, transient state degradation and watchdog reconnection
overview-reconnect-mask	bevy	scenario	anchored	infiltrator-bevy-ui::headless::overview_tests::overview_reload::overview_reload_mask_activates_and_preserves_facts	success,error,retry	Shared core reload mask state, transient state degradation and watchdog reconnection
overview-card-reorder	iced	contract	anchored	infiltrator-contract::overview_layout::tests::default_order_covers_all_eight_overview_cards	success,cancel	Shared overview card order preferences, reorder intents and responsive layout sync
overview-card-reorder	iced	scenario	anchored	infiltrator-iced::test_mounts::responsive_elasticity_tests::overview_card_order_follows_shared_layout_moves	success,cancel	Shared overview card order preferences, reorder intents and responsive layout sync
overview-card-reorder	bevy	contract	anchored	infiltrator-contract::overview_layout::tests::default_order_covers_all_eight_overview_cards	success,cancel	Shared overview card order preferences, reorder intents and responsive layout sync
overview-card-reorder	bevy	scenario	anchored	infiltrator-bevy-ui::headless::overview_tests::overview_card::overview_card_reorder_actions_submit_commands	success,cancel	Shared overview card order preferences, reorder intents and responsive layout sync
proxies-search-highlight	iced	contract	anchored	infiltrator-application::proxy_search_projection::tests::matching_preserves_unicode_ranges_and_keeps_zero_and_absence_out_of_numeric_success;infiltrator-application::proxy_search_projection::tests::shared_search_round_trip_filters_and_highlights_without_changing_controller_selection;infiltrator-application::proxy_preferences_application::tests::preference_commands_refuse_missing_owner_and_publish_real_shared_changes;infiltrator-application::proxy_preferences_application::tests::poisoned_preferences_refuse_reads_and_all_commands_instead_of_reporting_default_or_success	success,empty,clear,error,retry,refresh	-
proxies-search-highlight	iced	scenario	anchored	infiltrator-iced::headless::proxy_search_tests::native_search_submits_to_the_shared_owner_replays_highlights_and_clears_without_changing_selection;infiltrator-iced::headless::proxy_search_tests::rejected_search_keeps_the_draft_and_stale_completion_cannot_overwrite_a_new_request	success,empty,clear,error,retry,refresh	-
proxies-search-highlight	bevy	contract	anchored	infiltrator-application::proxy_search_projection::tests::matching_preserves_unicode_ranges_and_keeps_zero_and_absence_out_of_numeric_success;infiltrator-application::proxy_search_projection::tests::shared_search_round_trip_filters_and_highlights_without_changing_controller_selection;infiltrator-application::proxy_preferences_application::tests::preference_commands_refuse_missing_owner_and_publish_real_shared_changes;infiltrator-application::proxy_preferences_application::tests::poisoned_preferences_refuse_reads_and_all_commands_instead_of_reporting_default_or_success	success,empty,clear,error,retry,refresh	-
proxies-search-highlight	bevy	scenario	anchored	infiltrator-bevy-ui::headless::proxy_search_tests::native_search_executes_shared_preferences_renders_highlights_and_clear_restores_nodes_without_losing_focus;infiltrator-bevy-ui::headless::proxy_search_tests::native_search_preserves_rejected_drafts_ignores_stale_results_and_retries_through_the_real_owner;infiltrator-bevy-ui::headless::proxy_search_tests::idle_highlights_do_not_relayout_text_and_short_spacing_restores_without_replacing_the_input	success,empty,clear,error,retry,refresh	-
proxies-group-expanded	iced	contract	anchored	infiltrator-application::proxy_preferences_application::tests::projection_replays_group_identity_and_preserves_selection_through_sort_and_filter;infiltrator-application::proxy_preferences_application::tests::preference_commands_refuse_missing_owner_and_publish_real_shared_changes;infiltrator-application::proxy_preferences_application::tests::poisoned_preferences_refuse_reads_and_all_commands_instead_of_reporting_default_or_success	success,close,reorder,added,removed	-
proxies-group-expanded	iced	scenario	anchored	infiltrator-iced::headless::proxy_identity_tests::group_fold_replays_a_real_smaller_widget_tree_and_reopens_without_side_effects;infiltrator-iced::headless::proxy_identity_tests::group_fold_rejects_a_removed_identity_and_keeps_other_group_choices;infiltrator-iced::headless::proxy_identity_tests::newly_published_groups_expand_without_reopening_the_users_collapsed_group;infiltrator-iced::headless::proxy_search_tests::composed_group_and_preference_controls_execute_the_shared_owner_and_render_only_observed_changes	success,close,reorder,added,removed	-
proxies-group-expanded	bevy	contract	anchored	infiltrator-application::proxy_preferences_application::tests::projection_replays_group_identity_and_preserves_selection_through_sort_and_filter;infiltrator-application::proxy_preferences_application::tests::preference_commands_refuse_missing_owner_and_publish_real_shared_changes;infiltrator-application::proxy_preferences_application::tests::poisoned_preferences_refuse_reads_and_all_commands_instead_of_reporting_default_or_success	success,close,reorder,added,removed	-
proxies-group-expanded	bevy	scenario	anchored	infiltrator-bevy-ui::headless::proxy_identity_tests::native_fold_round_trip_executes_the_shared_preference_command_and_preserves_nodes;infiltrator-bevy-ui::headless::proxy_identity_tests::reordered_and_changed_group_lists_keep_live_identities_and_reject_removed_controls	success,close,reorder,added,removed	-
proxies-node-detail-drawer	iced	contract	anchored	infiltrator-application::proxy_inspection_projection::tests::details_preserve_observed_metadata_unresolved_zero_and_history_without_inventing_stage_timings;infiltrator-application::proxy_inspection_projection::tests::egress_comes_only_from_an_explicit_matching_probe_record_and_stale_or_invalid_values_clear;infiltrator-application::proxy_inspection_projection::tests::sparse_unknown_and_group_observations_do_not_make_up_ports_health_udp_or_history;infiltrator-application::proxy_inspection_projection::tests::recent_history_is_bounded_in_controller_order_and_the_catalogue_uses_stable_names;infiltrator-application::command_application::rule_edit_tests::probe_tests::leaf_delay_probe_executes_exact_identity_and_options_without_selecting_a_proxy;infiltrator-application::command_application::rule_edit_tests::probe_tests::removed_unknown_or_group_probe_targets_fail_before_any_gateway_operation;infiltrator-application::proxy_inspection_projection::tests::controller_observations_keep_unreported_metadata_and_flags_unknown_in_both_peer_folds;infiltrator-application::proxy_inspection_reader::tests::failed_loading_and_unavailable_reads_retain_facts_and_only_successful_absence_closes;infiltrator-application::proxy_inspection_reader::tests::failed_reads_cannot_reassign_cached_facts_to_a_different_identity_or_invent_deletion;infiltrator-application::surface_reader::projections::tests::failed_pages_preserve_the_real_category_and_retry_policy_instead_of_relabeling_every_error_network	success,close,unsupported,reorder,removed,error,retry	-
proxies-node-detail-drawer	iced	scenario	anchored	infiltrator-iced::headless::proxy_inspection_tests::native_inspection_uses_shared_observations_and_close_escape_and_navigation_never_select_nodes;infiltrator-iced::headless::proxy_inspection_tests::native_inspection_follows_stable_identity_on_refresh_and_rejects_a_removed_node;infiltrator-iced::headless::proxy_inspection_tests::native_probe_preserves_failure_retries_the_same_intent_and_ignores_feedback_after_close;infiltrator-iced::headless::proxy_inspection_tests::failed_and_loading_reader_snapshots_keep_the_real_detail_disable_probe_and_recover_before_confirmed_deletion;infiltrator-iced::view_root::modals::card::tests::modal_scrim_consumes_background_clicks_and_scroll_without_selecting_or_probing_hidden_nodes;infiltrator-iced::view_root::modals::card::tests::real_modal_buttons_still_receive_clicks_and_cancel_without_background_side_effects	success,close,unsupported,reorder,removed,error,retry	-
proxies-node-detail-drawer	bevy	contract	anchored	infiltrator-application::proxy_inspection_projection::tests::details_preserve_observed_metadata_unresolved_zero_and_history_without_inventing_stage_timings;infiltrator-application::proxy_inspection_projection::tests::egress_comes_only_from_an_explicit_matching_probe_record_and_stale_or_invalid_values_clear;infiltrator-application::proxy_inspection_projection::tests::sparse_unknown_and_group_observations_do_not_make_up_ports_health_udp_or_history;infiltrator-application::proxy_inspection_projection::tests::recent_history_is_bounded_in_controller_order_and_the_catalogue_uses_stable_names;infiltrator-application::command_application::rule_edit_tests::probe_tests::leaf_delay_probe_executes_exact_identity_and_options_without_selecting_a_proxy;infiltrator-application::command_application::rule_edit_tests::probe_tests::removed_unknown_or_group_probe_targets_fail_before_any_gateway_operation;infiltrator-application::proxy_inspection_projection::tests::controller_observations_keep_unreported_metadata_and_flags_unknown_in_both_peer_folds;infiltrator-application::proxy_inspection_reader::tests::failed_loading_and_unavailable_reads_retain_facts_and_only_successful_absence_closes;infiltrator-application::proxy_inspection_reader::tests::failed_reads_cannot_reassign_cached_facts_to_a_different_identity_or_invent_deletion;infiltrator-application::surface_reader::projections::tests::failed_pages_preserve_the_real_category_and_retry_policy_instead_of_relabeling_every_error_network	success,close,unsupported,reorder,removed,error,retry	-
proxies-node-detail-drawer	bevy	scenario	anchored	infiltrator-bevy-ui::headless::proxy_inspection_tests::native_inspection_replays_real_metadata_and_history_and_close_never_selects_a_proxy;infiltrator-bevy-ui::headless::proxy_inspection_tests::native_inspection_keeps_identity_on_reorder_filtering_refresh_and_closes_on_removal;infiltrator-bevy-ui::headless::proxy_inspection_tests::native_probe_preserves_typed_failure_and_retry_submits_only_the_shared_leaf_intent;infiltrator-bevy-ui::headless::proxy_inspection_tests::native_escape_navigation_and_stale_probe_results_cannot_reopen_or_unlock_an_inspection;infiltrator-bevy-ui::headless::inspection_scroll_tests::proxy_inspection_scrolls_to_metadata_and_history_without_selecting_or_probing;infiltrator-bevy-ui::headless::proxy_inspection_tests::failed_or_loading_reads_keep_visible_last_observations_and_recover_until_successful_deletion	success,close,unsupported,reorder,removed,error,retry	-
proxies-custom-node-modal	iced	contract	anchored	infiltrator-application::core_application::tests::tracked_completion_survives_lifecycle_event_ring_eviction;infiltrator-application::protocol_codec_application::protocol_codec_application_test::staged_profile_splice_does_not_publish_saved_facts_before_commit;infiltrator-application::protocol_codec_application::protocol_codec_application_test::upsert_preserves_every_other_section_and_unknown_node_keys;infiltrator-application::protocol_form::tests::family_fields_cover_every_native_parameter_editor;infiltrator-application::protocol_form::tests::invalid_port_and_boolean_keep_the_previous_draft_and_raw_input;infiltrator-application::protocol_form::tests::typed_edits_preserve_credentials_transport_and_unknown_values	success,cancel,error	-
proxies-custom-node-modal	iced	scenario	anchored	infiltrator-iced::headless::protocol_form_tests::protocol_form_uses_typed_fields_and_retains_invalid_input_and_save_failure;infiltrator-iced::headless::protocol_form_tests::uri_preview_import_error_and_cancel_preserve_draft_without_commit	success,cancel,error	-
proxies-custom-node-modal	bevy	contract	anchored	infiltrator-application::core_application::tests::tracked_completion_survives_lifecycle_event_ring_eviction;infiltrator-application::protocol_codec_application::protocol_codec_application_test::staged_profile_splice_does_not_publish_saved_facts_before_commit;infiltrator-application::protocol_codec_application::protocol_codec_application_test::upsert_preserves_every_other_section_and_unknown_node_keys;infiltrator-application::protocol_form::tests::family_fields_cover_every_native_parameter_editor;infiltrator-application::protocol_form::tests::invalid_port_and_boolean_keep_the_previous_draft_and_raw_input;infiltrator-application::protocol_form::tests::typed_edits_preserve_credentials_transport_and_unknown_values	success,cancel,error	-
proxies-custom-node-modal	bevy	scenario	anchored	infiltrator-bevy-ui::headless::inspection_scroll_tests::custom_node_form_scrolls_to_all_protocol_fields_without_saving;infiltrator-bevy-ui::headless::protocol_form_tests::full_protocol_form_has_native_fields_and_preserves_invalid_input;infiltrator-bevy-ui::headless::protocol_form_tests::import_reply_from_cancelled_session_cannot_complete_the_same_uri_in_a_new_session;infiltrator-bevy-ui::headless::protocol_form_tests::production_command_failure_keeps_native_form_and_draft_open;infiltrator-bevy-ui::headless::protocol_form_tests::production_command_sink_delivers_correlated_terminal_save_result;infiltrator-bevy-ui::headless::protocol_form_tests::protocol_form_cancel_blocks_residual_actions_and_switches_family_fields;infiltrator-bevy-ui::headless::protocol_form_tests::unrelated_projection_refresh_cannot_erase_the_open_native_draft;infiltrator-bevy-ui::headless::protocol_form_tests::uri_import_uses_real_codec_handler_and_error_cancel_keep_the_imported_draft	success,cancel,error	-
proxies-uri-import-preview	iced	contract	anchored	infiltrator-application::core_application::tests::tracked_completion_survives_lifecycle_event_ring_eviction;infiltrator-application::protocol_codec_application::protocol_codec_application_test::staged_profile_splice_does_not_publish_saved_facts_before_commit;infiltrator-application::protocol_codec_application::protocol_codec_application_test::upsert_preserves_every_other_section_and_unknown_node_keys;infiltrator-application::protocol_form::tests::family_fields_cover_every_native_parameter_editor;infiltrator-application::protocol_form::tests::invalid_port_and_boolean_keep_the_previous_draft_and_raw_input;infiltrator-application::protocol_form::tests::typed_edits_preserve_credentials_transport_and_unknown_values	success,cancel,error	-
proxies-uri-import-preview	iced	scenario	anchored	infiltrator-iced::headless::protocol_form_tests::protocol_form_uses_typed_fields_and_retains_invalid_input_and_save_failure;infiltrator-iced::headless::protocol_form_tests::uri_preview_import_error_and_cancel_preserve_draft_without_commit	success,cancel,error	-
proxies-uri-import-preview	bevy	contract	anchored	infiltrator-application::core_application::tests::tracked_completion_survives_lifecycle_event_ring_eviction;infiltrator-application::protocol_codec_application::protocol_codec_application_test::staged_profile_splice_does_not_publish_saved_facts_before_commit;infiltrator-application::protocol_codec_application::protocol_codec_application_test::upsert_preserves_every_other_section_and_unknown_node_keys;infiltrator-application::protocol_form::tests::family_fields_cover_every_native_parameter_editor;infiltrator-application::protocol_form::tests::invalid_port_and_boolean_keep_the_previous_draft_and_raw_input;infiltrator-application::protocol_form::tests::typed_edits_preserve_credentials_transport_and_unknown_values	success,cancel,error	-
proxies-uri-import-preview	bevy	scenario	anchored	infiltrator-bevy-ui::headless::inspection_scroll_tests::custom_node_form_scrolls_to_all_protocol_fields_without_saving;infiltrator-bevy-ui::headless::protocol_form_tests::full_protocol_form_has_native_fields_and_preserves_invalid_input;infiltrator-bevy-ui::headless::protocol_form_tests::import_reply_from_cancelled_session_cannot_complete_the_same_uri_in_a_new_session;infiltrator-bevy-ui::headless::protocol_form_tests::production_command_failure_keeps_native_form_and_draft_open;infiltrator-bevy-ui::headless::protocol_form_tests::production_command_sink_delivers_correlated_terminal_save_result;infiltrator-bevy-ui::headless::protocol_form_tests::protocol_form_cancel_blocks_residual_actions_and_switches_family_fields;infiltrator-bevy-ui::headless::protocol_form_tests::unrelated_projection_refresh_cannot_erase_the_open_native_draft;infiltrator-bevy-ui::headless::protocol_form_tests::uri_import_uses_real_codec_handler_and_error_cancel_keep_the_imported_draft	success,cancel,error	-
proxies-group-reorder	iced	contract	anchored	infiltrator-application::proxy_group_order_editor::tests::draft_moves_reset_cancel_and_failures_never_publish_an_uncommitted_order;infiltrator-application::proxy_group_order_editor::tests::lost_reads_and_changed_identities_block_apply_and_duplicate_payloads_are_rejected;infiltrator-application::command_application::rule_edit_tests::probe_tests::group_order_transaction_requires_unique_complete_live_identities_and_never_selects_or_probes_nodes;infiltrator-application::proxy_preferences_application::tests::poisoned_preferences_refuse_reads_and_all_commands_instead_of_reporting_default_or_success	success,cancel,error,retry,refresh	-
proxies-group-reorder	iced	scenario	anchored	infiltrator-iced::headless::group_order_tests::native_order_modal_moves_full_drafts_cancel_is_inert_and_real_rejected_apply_retries_without_reordering_selection;infiltrator-iced::view_root::modals::card::tests::modal_scrim_consumes_background_clicks_and_scroll_without_selecting_or_probing_hidden_nodes;infiltrator-iced::view_root::modals::card::tests::real_modal_buttons_still_receive_clicks_and_cancel_without_background_side_effects	success,cancel,error,retry,refresh	-
proxies-group-reorder	bevy	contract	anchored	infiltrator-application::proxy_group_order_editor::tests::draft_moves_reset_cancel_and_failures_never_publish_an_uncommitted_order;infiltrator-application::proxy_group_order_editor::tests::lost_reads_and_changed_identities_block_apply_and_duplicate_payloads_are_rejected;infiltrator-application::command_application::rule_edit_tests::probe_tests::group_order_transaction_requires_unique_complete_live_identities_and_never_selects_or_probes_nodes;infiltrator-application::proxy_preferences_application::tests::poisoned_preferences_refuse_reads_and_all_commands_instead_of_reporting_default_or_success	success,cancel,error,retry,refresh	-
proxies-group-reorder	bevy	scenario	anchored	infiltrator-bevy-ui::headless::group_order_tests::native_order_editor_preserves_row_entities_cancel_has_no_shared_effect_and_apply_executes_the_complete_order;infiltrator-bevy-ui::headless::group_order_tests::rejected_native_apply_keeps_full_draft_and_retry_publishes_only_real_shared_command_success	success,cancel,error,retry,refresh	-
speedtest-progress-cancel	iced	contract	anchored	infiltrator-application::speedtest_application::tests::test_cancellation_and_safe_interruption	success,cancel,error	Shared concurrent speedtest execution engine, progress feedback and graceful cancellation
speedtest-progress-cancel	iced	scenario	anchored	infiltrator-iced::test_mounts::iced_six_advancements_wave3_tests::test_advancement_w3_3_speedtest_scope_and_cancel_share_the_engine;infiltrator-iced::view::overview::overview_tests::overview_speedtest_button_renders_when_idle_and_testing	success,cancel,error	Shared concurrent speedtest execution engine, progress feedback and graceful cancellation
speedtest-progress-cancel	bevy	contract	anchored	infiltrator-application::speedtest_application::tests::test_cancellation_and_safe_interruption	success,cancel,error	Shared concurrent speedtest execution engine, progress feedback and graceful cancellation
speedtest-progress-cancel	bevy	scenario	anchored	infiltrator-bevy-ui::headless::overview_tests::overview_speedtest::overview_speedtest_running_button_submits_cancel;infiltrator-bevy-ui::headless::overview_tests::overview_speedtest::overview_speedtest_button_reflects_shared_engine_phase	success,cancel,error	Shared concurrent speedtest execution engine, progress feedback and graceful cancellation
speedtest-details-modal	iced	contract	anchored	infiltrator-application::speedtest_detail_projection::tests::detail_rows_preserve_order_metrics_missing_facts_and_all_five_stars;infiltrator-application::speedtest_detail_projection::tests::unknown_empty_failure_and_typed_unsupported_remain_distinct;infiltrator-application::speedtest_detail_projection::tests::detail_partial_probes_keep_unknown_stability_and_measured_zero	success,close,unsupported	-
speedtest-details-modal	iced	scenario	anchored	infiltrator-iced::headless::speedtest_details_tests::speedtest_detail_keeps_unsupported_failure_and_empty_distinct;infiltrator-iced::headless::speedtest_details_tests::speedtest_detail_preserves_shared_facts_and_closes_without_effects	success,close,unsupported	-
speedtest-details-modal	bevy	contract	anchored	infiltrator-application::speedtest_detail_projection::tests::detail_rows_preserve_order_metrics_missing_facts_and_all_five_stars;infiltrator-application::speedtest_detail_projection::tests::unknown_empty_failure_and_typed_unsupported_remain_distinct;infiltrator-application::speedtest_detail_projection::tests::detail_partial_probes_keep_unknown_stability_and_measured_zero	success,close,unsupported	-
speedtest-details-modal	bevy	scenario	anchored	infiltrator-bevy-ui::headless::inspection_scroll_tests::speedtest_detail_scrolls_without_starting_a_probe;infiltrator-bevy-ui::headless::overview_tests::speedtest_details::speedtest_details_render_shared_fold_and_close_escape_and_navigation;infiltrator-bevy-ui::headless::overview_tests::speedtest_details::speedtest_details_render_typed_unsupported_without_inventing_results;infiltrator-bevy-ui::headless::speedtest_locale_tests::locale_replay_keeps_speedtest_results_partial_facts_modal_and_native_draft	success,close,unsupported	-
speedtest-history-comparison	iced	contract	anchored	infiltrator-application::speedtest_summary_projection::tests::history_keeps_reverse_order_opaque_scope_unknown_values_and_out_of_range_time;infiltrator-application::speedtest_application::tests::test_history_caching_last_3_runs	success,empty	Shared speedtest history records, multi-run comparison view and empty state handling
speedtest-history-comparison	iced	scenario	anchored	infiltrator-iced::test_mounts::iced_six_advancements_wave3_tests::test_advancement_w3_3_speedtest_history_renders_shared_snapshot	success,empty	Shared speedtest history records, multi-run comparison view and empty state handling
speedtest-history-comparison	bevy	contract	anchored	infiltrator-application::speedtest_summary_projection::tests::history_keeps_reverse_order_opaque_scope_unknown_values_and_out_of_range_time;infiltrator-application::speedtest_application::tests::test_history_caching_last_3_runs	success,empty	Shared speedtest history records, multi-run comparison view and empty state handling
speedtest-history-comparison	bevy	scenario	anchored	infiltrator-bevy-ui::headless::overview_tests::overview_speedtest::overview_speedtest_history_follows_shared_engine	success,empty	Shared speedtest history records, multi-run comparison view and empty state handling
speedtest-config-form	iced	contract	anchored	infiltrator-application::speedtest_application::tests::test_dynamic_custom_url_and_timeout_propagation;infiltrator-application::speedtest_application::tests::test_concurrency_limiting_semaphore_30	success,error	Shared speedtest concurrency and custom URL configuration, form validation and bounds
speedtest-config-form	iced	scenario	anchored	infiltrator-iced::test_mounts::iced_six_advancements_wave3_tests::test_advancement_w3_3_speedtest_concurrency_reads_shared_and_clamps;infiltrator-iced::test_mounts::iced_six_advancements_wave3_tests::test_advancement_w3_3_speedtest_custom_url_flows_into_the_port_call	success,error	Shared speedtest concurrency and custom URL configuration, form validation and bounds
speedtest-config-form	bevy	contract	anchored	infiltrator-application::speedtest_application::tests::test_dynamic_custom_url_and_timeout_propagation;infiltrator-application::speedtest_application::tests::test_concurrency_limiting_semaphore_30	success,error	Shared speedtest concurrency and custom URL configuration, form validation and bounds
speedtest-config-form	bevy	scenario	anchored	infiltrator-bevy-ui::headless::overview_tests::overview_speedtest::overview_speedtest_typed_url_reaches_the_shared_intent;infiltrator-bevy-ui::headless::overview_tests::overview_speedtest::overview_speedtest_concurrency_stepper_submits_shared_intent;infiltrator-bevy-ui::command::tests::speedtest_commands_carry_concurrency_and_custom_url	success,error	Shared speedtest concurrency and custom URL configuration, form validation and bounds
profiles-import-modal	iced	contract	anchored	infiltrator-application::profile_application::tests::import::import_document_validates_and_reports_format	success,cancel,error	Shared profile import validation, format detection, URL fetch and local file import
profiles-import-modal	iced	scenario	anchored	infiltrator-iced::test_mounts::business_flow_tests::profile_lifecycle::local_import_reads_through_the_host_import_port;infiltrator-iced::test_mounts::business_flow_tests::profile_lifecycle::import_then_activate_then_restart_kernel_chain_round_trips_real_files	success,cancel,error	Shared profile import validation, format detection, URL fetch and local file import
profiles-import-modal	bevy	contract	anchored	infiltrator-application::profile_application::tests::import::import_document_validates_and_reports_format	success,cancel,error	Shared profile import validation, format detection, URL fetch and local file import
profiles-import-modal	bevy	scenario	anchored	infiltrator-bevy-ui::headless::pages_matrix_a_tests::profiles_import::test_profiles_import_channels_submit_shared_command	success,cancel,error	Shared profile import validation, format detection, URL fetch and local file import
profiles-delete-confirm	iced	contract	anchored	infiltrator-application::profile_aggregation_application::profile_aggregation_application_test::templates_upsert_list_and_delete	success,cancel,error	Shared profile deletion safety check, confirmation modal, cancellation and sidecar cleanup
profiles-delete-confirm	iced	scenario	anchored	infiltrator-iced::test_mounts::business_flow_tests::profile_lifecycle::delete_profile_removes_yaml_and_options_sidecar_from_disk;infiltrator-iced::headless::confirmation_tests::close_all_confirmation_cancel_keeps_connections_and_schedules_no_work	success,cancel,error	Shared profile deletion safety check, confirmation modal, cancellation and sidecar cleanup
profiles-delete-confirm	bevy	contract	anchored	infiltrator-application::profile_aggregation_application::profile_aggregation_application_test::templates_upsert_list_and_delete	success,cancel,error	Shared profile deletion safety check, confirmation modal, cancellation and sidecar cleanup
profiles-delete-confirm	bevy	scenario	anchored	infiltrator-bevy-ui::headless::pages_matrix_a_tests::profiles_delete::test_profiles_delete_button_submits_shared_command	success,cancel,error	Shared profile deletion safety check, confirmation modal, cancellation and sidecar cleanup
profiles-subscription-error	iced	contract	anchored	infiltrator-application::subscription_refresh_application::tests::command_application_update_profile_uses_the_shared_retry_seam;infiltrator-application::subscription_status_projection::tests::missing_profile_is_distinct_from_observed_absent_backup_and_filter	error,retry	Shared subscription refresh error diagnostics, status projection and single-flight retry
profiles-subscription-error	iced	scenario	anchored	infiltrator-iced::test_mounts::business_flow_tests::profile_lifecycle::subscription_refresh_retries_and_single_flights_through_shared_application;infiltrator-iced::test_mounts::business_flow_tests::profile_lifecycle::subscription_toast_reports_the_reload_outcome_honestly	error,retry	Shared subscription refresh error diagnostics, status projection and single-flight retry
profiles-subscription-error	bevy	contract	anchored	infiltrator-application::subscription_refresh_application::tests::command_application_update_profile_uses_the_shared_retry_seam;infiltrator-application::subscription_status_projection::tests::missing_profile_is_distinct_from_observed_absent_backup_and_filter	error,retry	Shared subscription refresh error diagnostics, status projection and single-flight retry
profiles-subscription-error	bevy	scenario	anchored	infiltrator-bevy-ui::headless::pages_matrix_a_tests::profiles_fetch::subscription_status_locale_replay_keeps_last_modified_only_cache_and_editor_draft	error,retry	Shared subscription refresh error diagnostics, status projection and single-flight retry
profiles-filter-editor	iced	contract	anchored	infiltrator-domain::filter_policy_form::draft_tests::advanced_policy_round_trip_keeps_every_strategy_and_empty_allow_list_rejects_every_node;infiltrator-application::profile_application::tests::filter::advanced_filter_command_validates_before_writing_and_explicit_clear_removes_saved_policy;infiltrator-application::core_application::tests::transaction_tests::typed_filter_terminal_retains_request_source_and_statistics_and_rejects_foreign_output;infiltrator-application::subscription_filter_editor::tests::source_switch_read_failure_and_pending_receipts_never_migrate_an_unsent_form	success,cancel,error	Actual source-bound command and native field/cancel/failure/retry behavior; fresh pixels required
profiles-filter-editor	iced	scenario	anchored	infiltrator-iced::test_mounts::filter_native_tests::native_filter_fields_and_discard_preserve_source_and_never_write;infiltrator-iced::test_mounts::filter_native_tests::native_filter_save_denial_retry_returns_actual_report_and_preserves_draft;infiltrator-iced::test_mounts::filter_editor_race_tests::tea_filter_load_requests_reject_old_profile_receipts_and_preserve_a_changed_source_draft	success,cancel,error	Actual source-bound command and native field/cancel/failure/retry behavior; fresh pixels required
profiles-filter-editor	bevy	contract	anchored	infiltrator-domain::filter_policy_form::draft_tests::advanced_policy_round_trip_keeps_every_strategy_and_empty_allow_list_rejects_every_node;infiltrator-application::profile_application::tests::filter::advanced_filter_command_validates_before_writing_and_explicit_clear_removes_saved_policy;infiltrator-application::core_application::tests::transaction_tests::typed_filter_terminal_retains_request_source_and_statistics_and_rejects_foreign_output;infiltrator-application::subscription_filter_editor::tests::source_switch_read_failure_and_pending_receipts_never_migrate_an_unsent_form	success,cancel,error	Actual source-bound command and native field/cancel/failure/retry behavior; fresh pixels required
profiles-filter-editor	bevy	scenario	anchored	infiltrator-bevy-ui::headless::filter_transaction_tests::native_filter_transaction_reads_actual_policy_cancels_then_denies_retries_and_reports_persisted_nodes;infiltrator-bevy-ui::headless::pages_matrix_a_tests::filter_form::native_all_filter_fields_survive_read_replay_and_source_change_until_explicit_discard;infiltrator-bevy-ui::headless::pages_matrix_a_tests::filter_form::native_filter_pending_failure_retry_and_wrong_receipt_stay_in_the_same_form	success,cancel,error	Actual source-bound command and native field/cancel/failure/retry behavior; fresh pixels required
profiles-aggregator-wizard	iced	contract	anchored	infiltrator-domain::profile_aggregator::profile_aggregator_test::plan_precheck_failure_names_the_dropped_nodes;infiltrator-domain::profile_aggregator::profile_aggregator_test::plan_rejects_empty_sources	success,cancel,error	Shared profile aggregation wizard, source selection, precheck validation and plan generation
profiles-aggregator-wizard	iced	scenario	anchored	infiltrator-iced::test_mounts::iced_six_advancements_wave2_tests::test_advancement_w2_3_multi_profile_aggregator_workflow	success,cancel,error	Shared profile aggregation wizard, source selection, precheck validation and plan generation
profiles-aggregator-wizard	bevy	contract	anchored	infiltrator-domain::profile_aggregator::profile_aggregator_test::plan_precheck_failure_names_the_dropped_nodes;infiltrator-domain::profile_aggregator::profile_aggregator_test::plan_rejects_empty_sources	success,cancel,error	Shared profile aggregation wizard, source selection, precheck validation and plan generation
profiles-aggregator-wizard	bevy	scenario	anchored	infiltrator-bevy-ui::headless::pages_matrix_a_tests::profiles_aggregator::aggregation_copy_replays_real_report_without_replacing_the_live_draft_or_clearing_validation;infiltrator-bevy-ui::headless::pages_matrix_a_tests::profiles_aggregator::native_aggregation_checkbox_clicks_change_only_the_draft_and_the_next_submit_reads_the_new_choices	success,cancel,error	Shared profile aggregation wizard, source selection, precheck validation and plan generation
profiles-aggregator-preview	iced	contract	anchored	infiltrator-application::aggregation_preview_projection::tests::missing_preview_empty_groups_and_unsupported_template_store_remain_distinct;infiltrator-application::aggregation_preview_projection::tests::preview_folds_observed_counters_missing_sources_groups_and_full_shared_yaml_viewport	success,cancel,error	Shared aggregation preview projection, generated rule verification and save flow
profiles-aggregator-preview	iced	scenario	anchored	infiltrator-iced::test_mounts::iced_six_advancements_wave2_tests::test_advancement_w2_3_multi_profile_aggregator_workflow	success,cancel,error	Shared aggregation preview projection, generated rule verification and save flow
profiles-aggregator-preview	bevy	contract	anchored	infiltrator-application::aggregation_preview_projection::tests::missing_preview_empty_groups_and_unsupported_template_store_remain_distinct;infiltrator-application::aggregation_preview_projection::tests::preview_folds_observed_counters_missing_sources_groups_and_full_shared_yaml_viewport	success,cancel,error	Shared aggregation preview projection, generated rule verification and save flow
profiles-aggregator-preview	bevy	scenario	anchored	infiltrator-bevy-ui::headless::pages_matrix_a_tests::profiles_aggregator::test_profiles_aggregator_previews_and_saves_through_shared_command	success,cancel,error	Shared aggregation preview projection, generated rule verification and save flow
profiles-diff-viewer	iced	contract	anchored	infiltrator-application::snapshot_application::snapshot_application_test::history_reports_duplicates_and_the_shared_prune_view;infiltrator-application::snapshot_application::snapshot_application_test::prune_executes_the_shared_policy_and_publishes_the_report	success,close	Shared AST YAML diff projection, side-by-side change viewer, line navigation and inspection
profiles-diff-viewer	iced	scenario	anchored	infiltrator-iced::test_mounts::iced_six_advancements_wave2_tests::test_advancement_w2_5_snapshot_diff_and_rollback_dialog;infiltrator-iced::view_root::snapshot_diff_modal::view_snapshot_diff_tests::rollback_never_executes_before_the_second_confirmation	success,close	Shared AST YAML diff projection, side-by-side change viewer, line navigation and inspection
profiles-diff-viewer	bevy	contract	anchored	infiltrator-application::snapshot_application::snapshot_application_test::history_reports_duplicates_and_the_shared_prune_view;infiltrator-application::snapshot_application::snapshot_application_test::prune_executes_the_shared_policy_and_publishes_the_report	success,close	Shared AST YAML diff projection, side-by-side change viewer, line navigation and inspection
profiles-diff-viewer	bevy	scenario	anchored	infiltrator-bevy-ui::headless::pages_matrix_a_tests::profiles_snapshot::test_profiles_snapshot_diff_renders_shared_rows_and_confirms_rollback;infiltrator-bevy-ui::headless::pages_matrix_a_tests::profiles_snapshot::test_profiles_snapshot_diff_states_are_honest_without_a_diff	success,close	Shared AST YAML diff projection, side-by-side change viewer, line navigation and inspection
profiles-snapshot-restore-confirm	iced	contract	anchored	infiltrator-application::snapshot_application::snapshot_application_test::restoration::preparation_and_cancel_write_nothing_and_cancelled_identity_cannot_be_confirmed;infiltrator-application::snapshot_application::snapshot_application_test::restoration::permission_retry_keeps_review_and_commits_exactly_once;infiltrator-application::snapshot_application::snapshot_application_test::restoration::changed_profile_or_snapshot_rejects_restore_without_overwriting_later_edits;infiltrator-iced::test_mounts::snapshot_restore_tests::native_restore_cancel_preserves_editor_and_locale_preserves_frozen_identity;infiltrator-iced::test_mounts::snapshot_restore_tests::native_restore_permission_retry_and_source_change_use_real_typed_terminals;infiltrator-iced::test_mounts::snapshot_restore_tests::native_restore_rejects_uncorrelated_and_unit_completions_without_fabricating_success	success,cancel,error	-
profiles-snapshot-restore-confirm	iced	scenario	anchored	infiltrator-iced::test_mounts::snapshot_restore_tests::native_restore_cancel_preserves_editor_and_locale_preserves_frozen_identity;infiltrator-iced::test_mounts::snapshot_restore_tests::native_restore_permission_retry_and_source_change_use_real_typed_terminals;infiltrator-iced::test_mounts::snapshot_restore_tests::native_restore_rejects_uncorrelated_and_unit_completions_without_fabricating_success	success,cancel,error	-
profiles-snapshot-restore-confirm	bevy	contract	anchored	infiltrator-application::snapshot_application::snapshot_application_test::restoration::preparation_and_cancel_write_nothing_and_cancelled_identity_cannot_be_confirmed;infiltrator-application::snapshot_application::snapshot_application_test::restoration::permission_retry_keeps_review_and_commits_exactly_once;infiltrator-application::snapshot_application::snapshot_application_test::restoration::changed_profile_or_snapshot_rejects_restore_without_overwriting_later_edits;infiltrator-bevy-ui::headless::snapshot_restore_tests::native_restore_reviews_complete_bytes_and_cancel_has_zero_writes_with_locale_entity_preservation;infiltrator-bevy-ui::headless::snapshot_restore_tests::native_restore_permission_retry_commits_once_and_changed_source_never_overwrites	success,cancel,error	-
profiles-snapshot-restore-confirm	bevy	scenario	anchored	infiltrator-bevy-ui::headless::snapshot_restore_tests::native_restore_reviews_complete_bytes_and_cancel_has_zero_writes_with_locale_entity_preservation;infiltrator-bevy-ui::headless::snapshot_restore_tests::native_restore_permission_retry_commits_once_and_changed_source_never_overwrites	success,cancel,error	-
editor-yaml-error-navigation	iced	contract	anchored	infiltrator-domain::config::tests::test_preflight_yaml_syntax_valid;infiltrator-domain::config::tests::test_preflight_yaml_syntax_invalid_diagnostic	success,error	Shared YAML syntax validator, preflight diagnostics, line number tracking and error jumps
editor-yaml-error-navigation	iced	scenario	anchored	infiltrator-iced::test_mounts::options_flow_tests::test_editor_yaml_syntax_preflight	success,error	Shared YAML syntax validator, preflight diagnostics, line number tracking and error jumps
editor-yaml-error-navigation	bevy	contract	anchored	infiltrator-domain::config::tests::test_preflight_yaml_syntax_valid;infiltrator-domain::config::tests::test_preflight_yaml_syntax_invalid_diagnostic	success,error	Shared YAML syntax validator, preflight diagnostics, line number tracking and error jumps
editor-yaml-error-navigation	bevy	scenario	anchored	infiltrator-bevy-ui::headless::pages_matrix_a_tests::profiles_editor::test_profiles_editor_runs_the_shared_preflight_and_formatter;infiltrator-bevy-ui::headless::editor_observation_tests::native_editor_keeps_its_observed_document_on_permission_failure_disables_save_and_replays_locale_until_actual_recovery	success,error	Shared YAML syntax validator, preflight diagnostics, line number tracking and error jumps
editor-snippet-insertion	iced	contract	anchored	infiltrator-contract::yaml_snippets::yaml_snippets_test::a_caret_inside_a_line_starts_a_fresh_line;infiltrator-contract::yaml_snippets::yaml_snippets_test::an_unknown_id_is_an_error_never_a_silent_no_op	success,error	Shared YAML snippet catalogue, cursor-aware insertion and syntax integrity preservation
editor-snippet-insertion	iced	scenario	anchored	infiltrator-iced::test_mounts::options_flow_tests::test_editor_yaml_syntax_preflight	success,error	Shared YAML snippet catalogue, cursor-aware insertion and syntax integrity preservation
editor-snippet-insertion	bevy	contract	anchored	infiltrator-contract::yaml_snippets::yaml_snippets_test::a_caret_inside_a_line_starts_a_fresh_line;infiltrator-contract::yaml_snippets::yaml_snippets_test::an_unknown_id_is_an_error_never_a_silent_no_op	success,error	Shared YAML snippet catalogue, cursor-aware insertion and syntax integrity preservation
editor-snippet-insertion	bevy	scenario	anchored	infiltrator-bevy-ui::headless::pages_matrix_a_tests::profiles_editor::test_profiles_editor_inserts_the_shared_snippet_catalogue	success,error	Shared YAML snippet catalogue, cursor-aware insertion and syntax integrity preservation
editor-large-document-window	iced	contract	anchored	infiltrator-contract::editor_viewport::editor_viewport_test::window_arithmetic_is_shared_and_deterministic_on_a_large_document	success	Shared large document window arithmetic, bounded virtual line rendering and scroll sync
editor-large-document-window	iced	scenario	anchored	infiltrator-iced::test_mounts::options_flow_tests::test_editor_yaml_syntax_preflight	success	Shared large document window arithmetic, bounded virtual line rendering and scroll sync
editor-large-document-window	bevy	contract	anchored	infiltrator-contract::editor_viewport::editor_viewport_test::window_arithmetic_is_shared_and_deterministic_on_a_large_document	success	Shared large document window arithmetic, bounded virtual line rendering and scroll sync
editor-large-document-window	bevy	scenario	anchored	infiltrator-bevy-ui::headless::pages_matrix_a_tests::profiles_editor::test_profiles_editor_renders_a_bounded_window_on_a_large_document	success	Shared large document window arithmetic, bounded virtual line rendering and scroll sync
rules-search-highlight	iced	contract	anchored	infiltrator-domain::rules::view::tests::search_is_case_insensitive_and_matches_payload_and_target	success,empty	Shared rule search filter, regex and payload matching, row highlighting and empty state
rules-search-highlight	iced	scenario	anchored	infiltrator-iced::test_mounts::rules_dns_tests::rule_list::tea_rule_rows_retain_source_parameters_invalid_raw_and_exact_search_without_inventing_an_outbound	success,empty	Shared rule search filter, regex and payload matching, row highlighting and empty state
rules-search-highlight	bevy	contract	anchored	infiltrator-domain::rules::view::tests::search_is_case_insensitive_and_matches_payload_and_target	success,empty	Shared rule search filter, regex and payload matching, row highlighting and empty state
rules-search-highlight	bevy	scenario	anchored	infiltrator-bevy-ui::headless::pages_matrix_a_tests::rules_search::test_rules_search_hides_non_matching_rows	success,empty	Shared rule search filter, regex and payload matching, row highlighting and empty state
rules-tracer-drawer	iced	contract	anchored	infiltrator-application::rule_tracer_application::tests::execution::rule_simulation_replay_does_not_recompute_or_rebind_to_another_document;infiltrator-application::rule_tracer_application::tests::execution::rule_simulation_cancel_and_duplicate_requests_preserve_last_report_and_release_admission;infiltrator-application::rule_tracer_application::tests::execution::rule_simulation_invalid_sandbox_is_rejected_before_source_read_and_missing_host_is_typed;infiltrator-application::rule_trace_actions::tests::confirmation_freezes_drafts_and_operation_until_cancel;infiltrator-domain::rules::tracer::named::tests::named_descent_returns_the_real_leaf_and_qualified_path;infiltrator-domain::rules::tracer::named::tests::empty_and_nonmatching_tables_fall_through_but_unknown_and_cycles_do_not;infiltrator-application::rule_tracer_application::tests::named::named_leaf_report_confirmation_and_commit_preserve_parent_tables_and_source_fence;infiltrator-application::rule_tracer_application::tests::named::named_match_leaf_is_explicit_and_writable_while_missing_or_cyclic_tables_preserve_prior_report;infiltrator-domain::yaml_edit::rule_location::tests::only_the_confirmed_named_scalar_changes_in_crlf_and_quoted_tables;infiltrator-domain::yaml_edit::rule_location::tests::double_quotes_and_indentless_root_rules_are_preserved_and_alias_side_effects_are_rejected;infiltrator-application::rule_tracer_application::statistics_test::source_names_and_hashes_fence_counts_latency_and_read_only_replay;infiltrator-application::rule_tracer_application::statistics_test::failed_source_load_retains_same_source_statistics_without_counting_another_trace;infiltrator-application::rule_tracer_application::statistics_test::duplicate_raw_rules_and_named_descents_record_the_actual_root_identity_once;infiltrator-application::rule_statistics_projection::tests::absent_and_measured_zero_statistics_have_distinct_localized_copy;infiltrator-application::rule_statistics_projection::tests::qualified_audit_and_duplicate_requests_cannot_disable_a_different_identical_row	success,close,error	-
rules-tracer-drawer	iced	scenario	anchored	infiltrator-iced::test_mounts::rules_dns_tests::rules_tracer::test_rules_tracer_gui_flow;infiltrator-iced::test_mounts::rules_dns_tests::rules_tracer::test_rules_tracer_source_ip_sandbox_flow;infiltrator-iced::test_mounts::rules_dns_tests::rules_tracer::test_rules_tracer_reverse_apply_override_dual_surface_flow;infiltrator-iced::test_mounts::rules_dns_tests::rules_tracer::tracer_tab_close_preserves_report_and_permission_guide_does_not_commit;infiltrator-iced::test_mounts::rules_dns_tests::rules_tracer::named_rule_descent_confirmation_cancel_permission_retry_and_leaf_commit	success,close,error	-
rules-tracer-drawer	bevy	contract	anchored	infiltrator-application::rule_tracer_application::tests::execution::rule_simulation_replay_does_not_recompute_or_rebind_to_another_document;infiltrator-application::rule_tracer_application::tests::execution::rule_simulation_cancel_and_duplicate_requests_preserve_last_report_and_release_admission;infiltrator-application::rule_tracer_application::tests::execution::rule_simulation_invalid_sandbox_is_rejected_before_source_read_and_missing_host_is_typed;infiltrator-application::rule_trace_actions::tests::confirmation_freezes_drafts_and_operation_until_cancel;infiltrator-domain::rules::tracer::named::tests::named_descent_returns_the_real_leaf_and_qualified_path;infiltrator-domain::rules::tracer::named::tests::empty_and_nonmatching_tables_fall_through_but_unknown_and_cycles_do_not;infiltrator-application::rule_tracer_application::tests::named::named_leaf_report_confirmation_and_commit_preserve_parent_tables_and_source_fence;infiltrator-application::rule_tracer_application::tests::named::named_match_leaf_is_explicit_and_writable_while_missing_or_cyclic_tables_preserve_prior_report;infiltrator-domain::yaml_edit::rule_location::tests::only_the_confirmed_named_scalar_changes_in_crlf_and_quoted_tables;infiltrator-domain::yaml_edit::rule_location::tests::double_quotes_and_indentless_root_rules_are_preserved_and_alias_side_effects_are_rejected;infiltrator-application::rule_tracer_application::statistics_test::source_names_and_hashes_fence_counts_latency_and_read_only_replay;infiltrator-application::rule_tracer_application::statistics_test::failed_source_load_retains_same_source_statistics_without_counting_another_trace;infiltrator-application::rule_tracer_application::statistics_test::duplicate_raw_rules_and_named_descents_record_the_actual_root_identity_once;infiltrator-application::rule_statistics_projection::tests::absent_and_measured_zero_statistics_have_distinct_localized_copy;infiltrator-application::rule_statistics_projection::tests::qualified_audit_and_duplicate_requests_cannot_disable_a_different_identical_row	success,close,error	-
rules-tracer-drawer	bevy	scenario	anchored	infiltrator-bevy-ui::headless::rule_trace_action_tests::native_tracer_missing_context_keyboard_metadata_ime_confirmation_cancel_permission_retry_and_stale_source;infiltrator-bevy-ui::headless::rule_trace_action_tests::native_tracer_confirmation_isolates_background_and_permission_guide_releases_focus;infiltrator-bevy-ui::headless::rule_trace_action_tests::native_tracer_tab_close_releases_hidden_focus_and_reopens_the_same_draft;infiltrator-bevy-ui::headless::rule_trace_action_tests::native_tracer_route_remount_restores_unsubmitted_drafts_without_rerunning;infiltrator-bevy-ui::headless::rule_trace_action_tests::native_tracer_every_shared_preset_updates_real_input_without_sending_packets_or_commands;infiltrator-bevy-ui::headless::rule_trace_action_tests::native_named_rule_descent_confirmation_cancel_permission_retry_and_leaf_commit	success,close,error	-
rules-override-editor	iced	contract	anchored	infiltrator-domain::rules::native_syntax_test::reverse_apply_changes_only_native_target_and_preserves_all_parameters_and_regex_commas;infiltrator-application::rule_tracer_application::tests::d12_08_override_rewrites_the_rule_and_applies_it;infiltrator-application::rule_tracer_application::tests::reverse_apply_rejects_changed_profile_bytes_rule_and_unknown_target_without_writes;infiltrator-application::rule_tracer_application::tests::reverse_apply_rechecks_commit_source_and_preserves_typed_failures;infiltrator-domain::rules::tracer::named::tests::named_descent_returns_the_real_leaf_and_qualified_path;infiltrator-domain::rules::tracer::named::tests::empty_and_nonmatching_tables_fall_through_but_unknown_and_cycles_do_not;infiltrator-application::rule_tracer_application::tests::named::named_leaf_report_confirmation_and_commit_preserve_parent_tables_and_source_fence;infiltrator-application::rule_tracer_application::tests::named::named_match_leaf_is_explicit_and_writable_while_missing_or_cyclic_tables_preserve_prior_report;infiltrator-domain::yaml_edit::rule_location::tests::only_the_confirmed_named_scalar_changes_in_crlf_and_quoted_tables;infiltrator-domain::yaml_edit::rule_location::tests::double_quotes_and_indentless_root_rules_are_preserved_and_alias_side_effects_are_rejected	success,cancel,error	-
rules-override-editor	iced	scenario	anchored	infiltrator-iced::test_mounts::rules_dns_tests::rules_tracer::test_rules_tracer_reverse_apply_override_dual_surface_flow;infiltrator-iced::test_mounts::rules_dns_tests::rules_tracer::tracer_tab_close_preserves_report_and_permission_guide_does_not_commit;infiltrator-iced::test_mounts::rules_dns_tests::rules_tracer::named_rule_descent_confirmation_cancel_permission_retry_and_leaf_commit	success,cancel,error	-
rules-override-editor	bevy	contract	anchored	infiltrator-domain::rules::native_syntax_test::reverse_apply_changes_only_native_target_and_preserves_all_parameters_and_regex_commas;infiltrator-application::rule_tracer_application::tests::d12_08_override_rewrites_the_rule_and_applies_it;infiltrator-application::rule_tracer_application::tests::reverse_apply_rejects_changed_profile_bytes_rule_and_unknown_target_without_writes;infiltrator-application::rule_tracer_application::tests::reverse_apply_rechecks_commit_source_and_preserves_typed_failures;infiltrator-domain::rules::tracer::named::tests::named_descent_returns_the_real_leaf_and_qualified_path;infiltrator-domain::rules::tracer::named::tests::empty_and_nonmatching_tables_fall_through_but_unknown_and_cycles_do_not;infiltrator-application::rule_tracer_application::tests::named::named_leaf_report_confirmation_and_commit_preserve_parent_tables_and_source_fence;infiltrator-application::rule_tracer_application::tests::named::named_match_leaf_is_explicit_and_writable_while_missing_or_cyclic_tables_preserve_prior_report;infiltrator-domain::yaml_edit::rule_location::tests::only_the_confirmed_named_scalar_changes_in_crlf_and_quoted_tables;infiltrator-domain::yaml_edit::rule_location::tests::double_quotes_and_indentless_root_rules_are_preserved_and_alias_side_effects_are_rejected	success,cancel,error	-
rules-override-editor	bevy	scenario	anchored	infiltrator-bevy-ui::headless::rule_trace_action_tests::native_tracer_missing_context_keyboard_metadata_ime_confirmation_cancel_permission_retry_and_stale_source;infiltrator-bevy-ui::headless::rule_trace_action_tests::native_tracer_confirmation_isolates_background_and_permission_guide_releases_focus;infiltrator-bevy-ui::headless::rule_trace_action_tests::native_named_rule_descent_confirmation_cancel_permission_retry_and_leaf_commit	success,cancel,error	-
rules-provider-refresh-error	iced	contract	anchored	infiltrator-application::rule_provider_application::tests::missing_everywhere_is_a_typed_unsupported_failure;infiltrator-application::command_application::rule_edit_tests::purge_rule_provider_cache_requires_and_reports_the_host_location	success,error,retry	Shared rule provider refresh error handling, local cache fallback, unpack and retry
rules-provider-refresh-error	iced	scenario	anchored	infiltrator-iced::update::core::rules_provider::rules_provider_tests::purge_without_a_port_reports_a_typed_error;infiltrator-iced::test_mounts::rules_dns_tests::rules_rule::test_rules_rule_provider_unpack_reads_shared_application	success,error,retry	Shared rule provider refresh error handling, local cache fallback, unpack and retry
rules-provider-refresh-error	bevy	contract	anchored	infiltrator-application::rule_provider_application::tests::missing_everywhere_is_a_typed_unsupported_failure;infiltrator-application::command_application::rule_edit_tests::purge_rule_provider_cache_requires_and_reports_the_host_location	success,error,retry	Shared rule provider refresh error handling, local cache fallback, unpack and retry
rules-provider-refresh-error	bevy	scenario	anchored	infiltrator-bevy-ui::headless::pages_matrix_a_tests::rules_provider::test_rules_provider_unpack_and_cache_purge_submit_shared_intents	success,error,retry	Shared rule provider refresh error handling, local cache fallback, unpack and retry
dns-leak-alert	iced	contract	anchored	infiltrator-application::dns_leak_application::state_tests::failure_and_cancellation_keep_the_real_previous_facts_and_retry_publishes_fresh_results;infiltrator-application::dns_leak_actions::tests::stale_feedback_cannot_complete_new_probe_and_permission_recovery_is_explicit;infiltrator-application::dns_leak_projection::tests::opaque_host_parameters_are_interpolated_once_and_unknown_and_unsupported_never_claim_agreement;infiltrator-application::dns_leak_application::tests::one_probe_generates_fresh_subdomains_and_publishes_divergent_facts;infiltrator-application::dns_leak_application::tests::a_host_without_an_echo_prober_reports_typed_unsupported_and_probes_nothing	success,error,unsupported	Actual echo port commands, independent report reader, correlated native failure/retry, typed unsupported, stable localized rows; pixel acceptance required
dns-leak-alert	iced	scenario	anchored	infiltrator-iced::headless::dns_leak_action_tests::actual_dns_probe_reports_divergence_and_preserves_facts_on_permission_failure_then_retry_with_configuration_unavailable;infiltrator-iced::headless::dns_leak_action_tests::unsupported_probe_keeps_its_typed_refusal_visible_without_observations_or_network;infiltrator-iced::headless::dns_leak_action_tests::capture_activation_executes_the_actual_command_and_publishes_two_real_echo_observations	success,error,unsupported	Actual echo port commands, independent report reader, correlated native failure/retry, typed unsupported, stable localized rows; pixel acceptance required
dns-leak-alert	bevy	contract	anchored	infiltrator-application::dns_leak_application::state_tests::failure_and_cancellation_keep_the_real_previous_facts_and_retry_publishes_fresh_results;infiltrator-application::dns_leak_actions::tests::stale_feedback_cannot_complete_new_probe_and_permission_recovery_is_explicit;infiltrator-application::dns_leak_projection::tests::opaque_host_parameters_are_interpolated_once_and_unknown_and_unsupported_never_claim_agreement;infiltrator-application::dns_leak_application::tests::one_probe_generates_fresh_subdomains_and_publishes_divergent_facts;infiltrator-application::dns_leak_application::tests::a_host_without_an_echo_prober_reports_typed_unsupported_and_probes_nothing	success,error,unsupported	Actual echo port commands, independent report reader, correlated native failure/retry, typed unsupported, stable localized rows; pixel acceptance required
dns-leak-alert	bevy	scenario	anchored	infiltrator-bevy-ui::headless::dns_leak_action_tests::native_probe_failure_retry_and_unsupported_stay_on_the_surface_with_real_facts_and_locale_replay	success,error,unsupported	Actual echo port commands, independent report reader, correlated native failure/retry, typed unsupported, stable localized rows; pixel acceptance required
dns-query-details	iced	contract	anchored	infiltrator-application::dns_query_application::tests::real_query_command_preserves_all_sections_and_failure_categories_without_replacing_previous_facts;infiltrator-application::dns_query_application::tests::concurrent_or_dropped_query_retains_previous_response_and_allows_a_fresh_retry;infiltrator-application::dns_query_application::tests::shared_query_draft_cancel_tabs_pagination_retry_and_stale_results_follow_actual_owner_facts	success,cancel,error,retry,unsupported,stale,empty	Actual typed query owner and loopback controller response behavior
dns-query-details	iced	scenario	anchored	infiltrator-iced::headless::dns_query_action_tests::actual_query_modal_cancel_tabs_pages_stale_terminals_permission_retry_and_guidance_keep_owner_facts;infiltrator-iced::headless::dns_query_action_tests::invalid_query_and_unsupported_host_cannot_invent_records_while_negative_answers_keep_authority	success,cancel,error,retry,unsupported,stale,empty	Native query modal executes actual shared service, keeps sections and rejects stale or unsupported results
dns-query-details	bevy	contract	anchored	infiltrator-application::dns_query_application::tests::real_query_command_preserves_all_sections_and_failure_categories_without_replacing_previous_facts;infiltrator-application::dns_query_application::tests::concurrent_or_dropped_query_retains_previous_response_and_allows_a_fresh_retry;infiltrator-application::dns_query_application::tests::shared_query_draft_cancel_tabs_pagination_retry_and_stale_results_follow_actual_owner_facts	success,cancel,error,retry,unsupported,stale,empty	Actual typed query owner and loopback controller response behavior
dns-query-details	bevy	scenario	anchored	infiltrator-bevy-ui::headless::dns_query_action_tests::native_query_keyboard_type_menu_cancel_pagination_permission_retry_and_locale_preserve_real_results;infiltrator-bevy-ui::headless::dns_query_action_tests::native_invalid_and_unsupported_query_cannot_invent_a_response_and_negative_answers_keep_other_sections	success,cancel,error,retry,unsupported,stale,empty	Native query modal executes actual shared service, keeps sections and rejects stale or unsupported results
dns-fake-ip-flush-confirm	iced	contract	anchored	infiltrator-application::dns_cache_actions::tests::cancellation_closed_confirmation_duplicate_submit_reader_replay_and_wrong_terminal_are_inert;infiltrator-application::dns_cache_application::behavior_tests::actual_targets_preserve_permission_identity_publish_partial_facts_retry_and_refuse_replayed_operations;infiltrator-application::dns_cache_application::behavior_tests::concurrent_or_dropped_flush_cannot_claim_completion_or_lose_previous_observations_and_retry_recovers;infiltrator-application::dns_cache_application::behavior_tests::other_operation_or_stale_report_cannot_complete_confirmation_and_permission_copy_is_single_pass	success,cancel,error,retry,unsupported,stale	Actual cache target mutations, no-side-effect cancellation, typed partial permission failure and retry, exact operation/terminal identity and independent reader; fresh pixels required
dns-fake-ip-flush-confirm	iced	scenario	anchored	infiltrator-iced::headless::dns_cache_action_tests::actual_cache_confirmation_cancel_and_navigation_touch_neither_target_and_permission_failure_retries_on_the_modal;infiltrator-iced::headless::dns_cache_action_tests::palette_clear_routes_to_real_confirmation_and_unsupported_targets_stay_visible_without_cache_mutation	success,cancel,error,retry,unsupported,stale	Actual cache target mutations, no-side-effect cancellation, typed partial permission failure and retry, exact operation/terminal identity and independent reader; fresh pixels required
dns-fake-ip-flush-confirm	bevy	contract	anchored	infiltrator-application::dns_cache_actions::tests::cancellation_closed_confirmation_duplicate_submit_reader_replay_and_wrong_terminal_are_inert;infiltrator-application::dns_cache_application::behavior_tests::actual_targets_preserve_permission_identity_publish_partial_facts_retry_and_refuse_replayed_operations;infiltrator-application::dns_cache_application::behavior_tests::concurrent_or_dropped_flush_cannot_claim_completion_or_lose_previous_observations_and_retry_recovers;infiltrator-application::dns_cache_application::behavior_tests::other_operation_or_stale_report_cannot_complete_confirmation_and_permission_copy_is_single_pass	success,cancel,error,retry,unsupported,stale	Actual cache target mutations, no-side-effect cancellation, typed partial permission failure and retry, exact operation/terminal identity and independent reader; fresh pixels required
dns-fake-ip-flush-confirm	bevy	scenario	anchored	infiltrator-bevy-ui::headless::dns_cache_action_tests::native_cache_confirmation_cancel_escape_navigation_and_permission_retry_keep_actual_target_facts;infiltrator-bevy-ui::headless::dns_cache_action_tests::native_cache_reports_both_unsupported_targets_and_preserves_contents_without_configuration	success,cancel,error,retry,unsupported,stale	Actual cache target mutations, no-side-effect cancellation, typed partial permission failure and retry, exact operation/terminal identity and independent reader; fresh pixels required
dns-hosts-editor	iced	contract	anchored	infiltrator-application::configuration_application::dns_commands::tests::root_write_legacy_preview_permission_retry_and_clear_use_actual_profile_bytes;infiltrator-application::configuration_application::dns_commands::tests::stale_profile_stale_root_invalid_rows_and_read_failure_cannot_write_or_hide_categories;infiltrator-application::dns_hosts_editor::tests::stable_row_edits_cancel_migration_failure_retry_and_stale_ack_preserve_real_applied_facts;infiltrator-application::dns_hosts_editor::tests::a_profile_switch_during_pending_write_cannot_publish_old_rows_into_the_new_profile;infiltrator-domain::dns_hosts::tests::actual_root_write_clear_and_explicit_legacy_migration_preserve_unrelated_fields;infiltrator-domain::dns::tests::dns_save_preserves_root_hosts_legacy_hosts_and_unknown_options_without_writing_a_nested_mapping;infiltrator-contract::dns_hosts::tests::wildcard_alias_cycles_are_rejected_but_exact_terminal_overrides_and_zoned_ipv6_are_valid;infiltrator-contract::dns_hosts::tests::expanded_patterns_cannot_depend_on_random_kernel_map_insertion_order;infiltrator-domain::dns_hosts::tests::case_insensitive_keys_are_canonical_on_write_and_ambiguous_existing_maps_are_rejected	success,cancel,error,retry,migration,stale,empty,unsupported	Actual top-level profile transaction, stable native rows, pointer/keyboard/IME, migration preview, cancel, retry, empty restore and stale-reader fences; fresh pixels required
dns-hosts-editor	iced	scenario	anchored	infiltrator-iced::headless::dns_hosts_action_tests::actual_hosts_modal_edit_cancel_migration_failure_retry_and_reader_fences_preserve_profile_bytes;infiltrator-iced::headless::dns_hosts_action_tests::unsupported_hosts_reader_stays_visible_and_uncommitted_row_input_survives_row_switch_and_cancel	success,cancel,error,retry,migration,stale,empty,unsupported	Actual top-level profile transaction, stable native rows, pointer/keyboard/IME, migration preview, cancel, retry, empty restore and stale-reader fences; fresh pixels required
dns-hosts-editor	bevy	contract	anchored	infiltrator-application::configuration_application::dns_commands::tests::root_write_legacy_preview_permission_retry_and_clear_use_actual_profile_bytes;infiltrator-application::configuration_application::dns_commands::tests::stale_profile_stale_root_invalid_rows_and_read_failure_cannot_write_or_hide_categories;infiltrator-application::dns_hosts_editor::tests::stable_row_edits_cancel_migration_failure_retry_and_stale_ack_preserve_real_applied_facts;infiltrator-application::dns_hosts_editor::tests::a_profile_switch_during_pending_write_cannot_publish_old_rows_into_the_new_profile;infiltrator-domain::dns_hosts::tests::actual_root_write_clear_and_explicit_legacy_migration_preserve_unrelated_fields;infiltrator-domain::dns::tests::dns_save_preserves_root_hosts_legacy_hosts_and_unknown_options_without_writing_a_nested_mapping;infiltrator-contract::dns_hosts::tests::wildcard_alias_cycles_are_rejected_but_exact_terminal_overrides_and_zoned_ipv6_are_valid;infiltrator-contract::dns_hosts::tests::expanded_patterns_cannot_depend_on_random_kernel_map_insertion_order;infiltrator-domain::dns_hosts::tests::case_insensitive_keys_are_canonical_on_write_and_ambiguous_existing_maps_are_rejected	success,cancel,error,retry,migration,stale,empty,unsupported	Actual top-level profile transaction, stable native rows, pointer/keyboard/IME, migration preview, cancel, retry, empty restore and stale-reader fences; fresh pixels required
dns-hosts-editor	bevy	scenario	anchored	infiltrator-bevy-ui::headless::dns_hosts_action_tests::native_hosts_keyboard_pointer_migration_failure_retry_cancel_and_empty_restore_preserve_real_profile_bytes;infiltrator-bevy-ui::headless::dns_hosts_action_tests::native_hosts_ime_locale_reader_fences_invalid_rows_and_navigation_keep_the_draft_owned_and_visible;infiltrator-bevy-ui::headless::dns_hosts_action_tests::hosts_unavailable_reader_is_visible_and_disabled_native_apply_performs_no_write	success,cancel,error,retry,migration,stale,empty,unsupported	Actual top-level profile transaction, stable native rows, pointer/keyboard/IME, migration preview, cancel, retry, empty restore and stale-reader fences; fresh pixels required
connections-details-drawer	iced	contract	anchored	infiltrator-application::connection_rate_application::tests::connection_detail_fold_preserves_identity_and_separates_copy_target_from_endpoint;infiltrator-application::connection_rate_application::tests::connection_rate_projection_distinguishes_unobserved_from_measured_zero	success,close,unsupported,reorder,removed	-
connections-details-drawer	iced	scenario	anchored	infiltrator-iced::headless::connection_inspection_tests::connection_copy_emits_native_write_and_disconnect_executes_shared_identity;infiltrator-iced::headless::connection_inspection_tests::connection_inspection_close_escape_and_navigation_do_not_execute_commands;infiltrator-iced::headless::connection_inspection_tests::connection_inspection_follows_identity_and_closes_when_the_connection_disappears	success,close,unsupported,reorder,removed	-
connections-details-drawer	bevy	contract	anchored	infiltrator-application::connection_rate_application::tests::connection_detail_fold_preserves_identity_and_separates_copy_target_from_endpoint;infiltrator-application::connection_rate_application::tests::connection_rate_projection_distinguishes_unobserved_from_measured_zero	success,close,unsupported,reorder,removed	-
connections-details-drawer	bevy	scenario	anchored	infiltrator-bevy-ui::headless::inspection_scroll_tests::connection_drawer_scrolls_to_its_lower_actions_without_commands;infiltrator-bevy-ui::headless::pages_matrix_a_tests::connection_inspection::connection_drawer_close_escape_navigation_and_stale_disconnect_are_safe;infiltrator-bevy-ui::headless::pages_matrix_a_tests::connection_inspection::connection_drawer_refresh_dismisses_removed_identity_and_rejects_replay;infiltrator-bevy-ui::headless::pages_matrix_a_tests::connection_inspection::connection_drawer_refresh_follows_identity_through_reorder;infiltrator-bevy-ui::headless::pages_matrix_a_tests::connection_inspection::connection_drawer_unsupported_clipboard_does_not_report_success;infiltrator-bevy-ui::headless::pages_matrix_a_tests::connections::test_connections_drawer_parity_exposes_shared_fields_and_close_action;infiltrator-bevy-ui::headless::pages_matrix_a_tests::connections::test_connections_drawer_renders_kernel_asn_and_geo_without_guessing	success,close,unsupported,reorder,removed	-
connections-close-all-confirm	iced	contract	anchored	infiltrator-iced::headless::confirmation_tests::close_all_confirmation_cancel_keeps_connections_and_schedules_no_work;infiltrator-application::command_application::rule_edit_tests::connections_tests::close_all_uses_the_actual_runtime_port_and_preserves_typed_failure_for_retry	success,cancel	-
connections-close-all-confirm	iced	scenario	anchored	infiltrator-iced::headless::confirmation_tests::close_all_confirmation_cancel_keeps_connections_and_schedules_no_work	success,cancel	-
connections-close-all-confirm	bevy	contract	anchored	infiltrator-bevy-ui::headless::pages_matrix_a_tests::connections_confirmation::close_all_modal_cancel_escape_and_navigation_have_no_side_effects;infiltrator-bevy-ui::headless::pages_matrix_a_tests::connections_confirmation::command_palette_close_all_opens_confirmation_on_its_real_route;infiltrator-bevy-ui::headless::pages_matrix_a_tests::connections_confirmation::missing_close_all_confirmation_state_never_executes_destruction;infiltrator-bevy-ui::headless::pages_matrix_a_tests::connections_confirmation::test_connections_close_all_requires_confirmation;infiltrator-application::command_application::rule_edit_tests::connections_tests::close_all_uses_the_actual_runtime_port_and_preserves_typed_failure_for_retry	success,cancel	-
connections-close-all-confirm	bevy	scenario	anchored	infiltrator-bevy-ui::headless::pages_matrix_a_tests::connections_confirmation::close_all_modal_cancel_escape_and_navigation_have_no_side_effects;infiltrator-bevy-ui::headless::pages_matrix_a_tests::connections_confirmation::command_palette_close_all_opens_confirmation_on_its_real_route;infiltrator-bevy-ui::headless::pages_matrix_a_tests::connections_confirmation::missing_close_all_confirmation_state_never_executes_destruction;infiltrator-bevy-ui::headless::pages_matrix_a_tests::connections_confirmation::test_connections_close_all_requires_confirmation	success,cancel	-
connections-search-highlight	iced	contract	anchored	infiltrator-application::connection_search::tests::live_and_projected_facts_have_identical_case_insensitive_runs_and_metadata_matches;infiltrator-application::connection_search::tests::cached_search_counts_follow_refresh_and_distinguish_unavailable_from_observed_empty;infiltrator-application::search_text::tests::matching_retains_original_unicode_and_case_expansion_boundaries;infiltrator-application::search_text::tests::highlighting_keeps_combining_marks_and_emoji_sequences_in_one_run	success,empty	-
connections-search-highlight	iced	scenario	anchored	infiltrator-iced::test_mounts::connection_search_native_tests::native_connection_search_preserves_original_runs_metadata_empty_and_clear_through_tea;infiltrator-iced::test_mounts::connection_search_native_tests::native_connection_search_refresh_and_core_stop_retire_observations_without_losing_the_query	success,empty	-
connections-search-highlight	bevy	contract	anchored	infiltrator-application::connection_search::tests::live_and_projected_facts_have_identical_case_insensitive_runs_and_metadata_matches;infiltrator-application::connection_search::tests::cached_search_counts_follow_refresh_and_distinguish_unavailable_from_observed_empty;infiltrator-application::search_text::tests::matching_retains_original_unicode_and_case_expansion_boundaries;infiltrator-application::search_text::tests::highlighting_keeps_combining_marks_and_emoji_sequences_in_one_run	success,empty	-
connections-search-highlight	bevy	scenario	anchored	infiltrator-bevy-ui::headless::pages_matrix_a_tests::connection_search::native_connection_search_renders_actual_highlight_metadata_empty_and_clear_without_commands;infiltrator-bevy-ui::headless::pages_matrix_a_tests::connection_search::native_connection_search_survives_language_and_route_refresh_and_rejects_unavailable_destruction	success,empty	-
connections-grouping	iced	contract	anchored	infiltrator-application::connection_grouping::tests::grouping_preserves_all_buckets_and_identical_projection_semantics;infiltrator-application::connection_grouping::tests::grouping_search_survives_dimension_switch_and_refresh_without_stale_rows;infiltrator-application::connection_grouping::tests::connection_projection_preserves_ip_search_and_latest_sort;infiltrator-application::connection_grouping::tests::grouping_capture_publishes_one_count_for_the_page_core_and_shell	success	-
connections-grouping	iced	scenario	anchored	infiltrator-iced::headless::connection_grouping_tests::grouping_updates_all_groups_and_preserves_search_without_commands;infiltrator-iced::headless::connection_grouping_tests::grouping_first_observation_respects_existing_search;infiltrator-iced::test_mounts::connection_grouping_native_tests::native_grouping_controls_preserve_filtered_counts_across_dimensions_and_clear;infiltrator-iced::demo::geometry::tests::an_offscreen_nested_scroll_reveals_through_the_visible_outer_viewport	success	-
connections-grouping	bevy	contract	anchored	infiltrator-application::connection_grouping::tests::grouping_preserves_all_buckets_and_identical_projection_semantics;infiltrator-application::connection_grouping::tests::grouping_search_survives_dimension_switch_and_refresh_without_stale_rows;infiltrator-application::connection_grouping::tests::connection_projection_preserves_ip_search_and_latest_sort;infiltrator-application::connection_grouping::tests::grouping_capture_publishes_one_count_for_the_page_core_and_shell	success	-
connections-grouping	bevy	scenario	anchored	infiltrator-bevy-ui::headless::pages_matrix_a_tests::connections_grouping::native_grouping_renders_every_bucket_and_keeps_identity_on_language_change;infiltrator-bevy-ui::headless::pages_matrix_a_tests::connections_grouping::native_grouping_search_refresh_and_return_to_flat_preserve_visibility;infiltrator-bevy-ui::headless::pages_matrix_a_tests::connections_grouping::connection_rows_reconcile_growth_and_shrink_and_restamp_stable_entities	success	-
logs-search-highlight	iced	contract	anchored	infiltrator-application::log_search_tests::regex_alternation_case_and_original_graphemes_define_one_filter_and_highlight;infiltrator-application::log_search_tests::invalid_pattern_has_a_real_error_and_is_distinct_from_no_matches_or_no_observation;infiltrator-application::log_search_tests::observed_empty_and_source_change_preserve_query_without_reusing_old_records;infiltrator-application::log_application_tests::commands_mutate_the_reader_owner_and_invalid_filters_have_no_effect;infiltrator-application::log_application_tests::token_and_generation_both_fence_old_events_and_failures;infiltrator-application::log_stream::tests::permanent_event_failure_preserves_records_and_cannot_be_overwritten_by_stream_end	success,empty,error,clear,refresh,locale,stale	Actual buffer, scoped stream failure, native regex input and fresh pixel acceptance required
logs-search-highlight	iced	scenario	anchored	infiltrator-iced::test_mounts::log_search_native_tests::native_log_query_drives_shared_regex_highlights_error_empty_and_clear;infiltrator-iced::test_mounts::log_search_native_tests::native_log_query_is_retained_across_refresh_language_and_observed_empty;infiltrator-iced::test_mounts::log_search_native_tests::native_log_query_keeps_failed_facts_and_retires_them_on_actual_core_restart;infiltrator-iced::test_mounts::log_owner_tests::shared_logs_ignore_private_stream_and_clear_only_after_actual_command_execution;infiltrator-iced::test_mounts::log_owner_tests::shared_filter_has_actual_effect_and_invalid_selection_retains_typed_failure;infiltrator-iced::test_mounts::proxy_scope_tests::composed_snapshot_retires_demo_rows_and_rejects_reads_from_the_previous_core_session	success,empty,error,clear,refresh,locale,stale	Actual buffer, scoped stream failure, native regex input and fresh pixel acceptance required
logs-search-highlight	bevy	contract	anchored	infiltrator-application::log_search_tests::regex_alternation_case_and_original_graphemes_define_one_filter_and_highlight;infiltrator-application::log_search_tests::invalid_pattern_has_a_real_error_and_is_distinct_from_no_matches_or_no_observation;infiltrator-application::log_search_tests::observed_empty_and_source_change_preserve_query_without_reusing_old_records;infiltrator-application::log_application_tests::commands_mutate_the_reader_owner_and_invalid_filters_have_no_effect;infiltrator-application::log_application_tests::token_and_generation_both_fence_old_events_and_failures;infiltrator-application::log_stream::tests::permanent_event_failure_preserves_records_and_cannot_be_overwritten_by_stream_end	success,empty,error,clear,refresh,locale,stale	Actual buffer, scoped stream failure, native regex input and fresh pixel acceptance required
logs-search-highlight	bevy	scenario	anchored	infiltrator-bevy-ui::headless::pages_matrix_a_tests::log_search::native_regex_query_renders_real_spans_invalid_error_no_matches_and_clear;infiltrator-bevy-ui::headless::pages_matrix_a_tests::log_search::native_log_query_survives_refresh_language_and_route_without_rebuilding_live_input;infiltrator-bevy-ui::headless::pages_matrix_a_tests::log_search::log_source_failure_retains_actual_rows_and_new_session_does_not_reuse_old_facts;infiltrator-bevy-ui::headless::pages_matrix_a_tests::logs::log_rows_grow_from_empty_shrink_and_preserve_entities_for_stable_records;infiltrator-bevy-ui::headless::log_owner_tests::native_logs_filter_and_clear_mutate_the_shared_reader_owner_after_real_completion	success,empty,error,clear,refresh,locale,stale	Actual buffer, scoped stream failure, native regex input and fresh pixel acceptance required
sync-conflict-resolver	iced	contract	anchored	infiltrator-domain::sync::tests::reports_added_removed_and_modified_top_level_keys;infiltrator-contract::sync::tests::unfamiliar_wire_status_is_unknown_and_known_states_roundtrip;infiltrator-application::sync_application::tests::forwards_test_and_sync_through_the_port	success,cancel,error	Shared WebDAV sync conflict resolution, three-way merge review, diff inspector and commit
sync-conflict-resolver	iced	scenario	anchored	infiltrator-iced::test_mounts::business_flow_tests::sync_conflicts::sync_conflict_network_leg_upload_download_resolve_and_dismiss;infiltrator-iced::view::sync::tests::test_sync_view_with_conflicts_and_diff	success,cancel,error	Shared WebDAV sync conflict resolution, three-way merge review, diff inspector and commit
sync-conflict-resolver	bevy	contract	anchored	infiltrator-domain::sync::tests::reports_added_removed_and_modified_top_level_keys;infiltrator-contract::sync::tests::unfamiliar_wire_status_is_unknown_and_known_states_roundtrip;infiltrator-application::sync_application::tests::forwards_test_and_sync_through_the_port	success,cancel,error	Shared WebDAV sync conflict resolution, three-way merge review, diff inspector and commit
sync-conflict-resolver	bevy	scenario	anchored	infiltrator-bevy-ui::headless::pages_matrix_b_tests::sync::test_sync_conflict_state_and_resolution_submits_command	success,cancel,error	Shared WebDAV sync conflict resolution, three-way merge review, diff inspector and commit
sync-restore-confirm	iced	contract	anchored	infiltrator-domain::sync::tests::reports_added_removed_and_modified_top_level_keys;infiltrator-application::sync_application::tests::forwards_test_and_sync_through_the_port	success,cancel,error	Shared remote backup restore confirmation, local overwrite safeguard and recovery transaction
sync-restore-confirm	iced	scenario	anchored	infiltrator-iced::test_mounts::business_flow_tests::sync_conflicts::sync_diff_journey_merges_key_picks_into_the_local_file	success,cancel,error	Shared remote backup restore confirmation, local overwrite safeguard and recovery transaction
sync-restore-confirm	bevy	contract	anchored	infiltrator-domain::sync::tests::reports_added_removed_and_modified_top_level_keys;infiltrator-application::sync_application::tests::forwards_test_and_sync_through_the_port	success,cancel,error	Shared remote backup restore confirmation, local overwrite safeguard and recovery transaction
sync-restore-confirm	bevy	scenario	anchored	infiltrator-bevy-ui::headless::pages_matrix_b_tests::sync::test_sync_restore_snapshot_submits_command	success,cancel,error	Shared remote backup restore confirmation, local overwrite safeguard and recovery transaction
doctor-failure-recovery	iced	contract	anchored	infiltrator-application::doctor_application::tests::real_command_and_reader_clone_share_reports_fix_refresh_and_permission_failure_keeps_the_last_observation;infiltrator-application::doctor_application::tests::dropping_a_pending_operation_preserves_report_and_clears_busy_with_canceled_failure_then_retry_works;infiltrator-application::doctor_application::tests::malformed_report_is_rejected_without_replacing_the_last_observation;infiltrator-application::doctor_actions::tests::busy_and_stale_results_cannot_complete_or_replace_a_request_and_retry_keeps_its_identity;infiltrator-application::doctor_projection::tests::skipped_and_unobserved_are_never_healthy_and_external_copy_remains_opaque;infiltrator-application::doctor_projection::tests::completed_empty_report_preserves_observation_and_never_claims_healthy_or_not_run	success,error,retry	Actual report owner, typed status, correlated native diagnosis, permission recovery and repair/bootstrap with stale observation protection
doctor-failure-recovery	iced	scenario	anchored	infiltrator-iced::headless::doctor_action_tests::actual_doctor_command_failure_retry_single_repair_and_bootstrap_share_reader_and_keep_native_surface;infiltrator-iced::headless::doctor_action_tests::doctor_capture_initializes_without_prior_snapshot_and_actual_task_retains_finding_and_retry	success,error,retry	Actual report owner, typed status, correlated native diagnosis, permission recovery and repair/bootstrap with stale observation protection
doctor-failure-recovery	bevy	contract	anchored	infiltrator-application::doctor_application::tests::real_command_and_reader_clone_share_reports_fix_refresh_and_permission_failure_keeps_the_last_observation;infiltrator-application::doctor_application::tests::dropping_a_pending_operation_preserves_report_and_clears_busy_with_canceled_failure_then_retry_works;infiltrator-application::doctor_application::tests::malformed_report_is_rejected_without_replacing_the_last_observation;infiltrator-application::doctor_actions::tests::busy_and_stale_results_cannot_complete_or_replace_a_request_and_retry_keeps_its_identity;infiltrator-application::doctor_projection::tests::skipped_and_unobserved_are_never_healthy_and_external_copy_remains_opaque;infiltrator-application::doctor_projection::tests::completed_empty_report_preserves_observation_and_never_claims_healthy_or_not_run	success,error,retry	Actual report owner, typed status, correlated native diagnosis, permission recovery and repair/bootstrap with stale observation protection
doctor-failure-recovery	bevy	scenario	anchored	infiltrator-bevy-ui::headless::doctor_action_tests::native_doctor_controls_execute_real_failure_retry_repair_bootstrap_and_reject_stale_command_results	success,error,retry	Actual report owner, typed status, correlated native diagnosis, permission recovery and repair/bootstrap with stale observation protection
shell-command-palette	iced	contract	anchored	infiltrator-contract::command_catalogue::tests::catalogue_covers_every_shared_page_and_action_once;infiltrator-contract::command_catalogue::tests::filtering_is_shared_and_profiles_append_in_order	success,cancel,empty,full-list,locale,refresh	-
shell-command-palette	iced	scenario	anchored	infiltrator-iced::headless::palette_scenarios_tests::palette_empty_enter_and_escape_schedule_no_commands;infiltrator-iced::headless::palette_scenarios_tests::palette_enter_executes_selected_row_and_rejects_stale_submit;infiltrator-iced::headless::palette_scenarios_tests::palette_locale_category_search_keeps_all_navigation_targets;infiltrator-iced::headless::palette_scenarios_tests::palette_native_widget_tree_keeps_the_full_catalogue_tail;infiltrator-iced::headless::palette_scenarios_tests::palette_profile_refresh_replaces_stale_titles_without_changing_row_count	success,cancel,empty,full-list,locale,refresh	-
shell-command-palette	bevy	contract	anchored	infiltrator-contract::command_catalogue::tests::catalogue_covers_every_shared_page_and_action_once;infiltrator-contract::command_catalogue::tests::filtering_is_shared_and_profiles_append_in_order	success,cancel,empty,full-list,locale,refresh	-
shell-command-palette	bevy	scenario	anchored	infiltrator-bevy-ui::headless::command_palette_tests::palette_empty_invalid_and_closed_execution_have_no_effects;infiltrator-bevy-ui::headless::command_palette_tests::palette_english_titles_categories_and_empty_state_use_shared_locales;infiltrator-bevy-ui::headless::command_palette_tests::palette_locale_category_search_keeps_all_navigation_targets;infiltrator-bevy-ui::headless::command_palette_tests::palette_mounts_every_catalogue_row_including_the_last_selection;infiltrator-bevy-ui::headless::command_palette_tests::palette_profile_refresh_repaints_same_length_catalogue_and_preserves_identity;infiltrator-bevy-ui::headless::command_palette_tests::palette_visible_dismiss_button_closes_without_executing;infiltrator-bevy-ui::headless::command_palette_tests::test_command_palette_action_execution_dispatches_route_and_command;infiltrator-bevy-ui::headless::command_palette_tests::test_palette_keyboard_navigation_typing_and_close;infiltrator-bevy-ui::headless::inspection_scroll_tests::command_palette_scrolls_to_its_remaining_rows_without_executing	success,cancel,empty,full-list,locale,refresh	-
shell-keyboard-focus	iced	contract	anchored	infiltrator-contract::ime::tests::a_focused_caret_enables_the_plan_and_no_focus_disables_it	success	Shared keyboard focus cycle, command palette navigation, shortcut bindings and focus trap
shell-keyboard-focus	iced	scenario	anchored	infiltrator-iced::test_mounts::multimodal_shell_tests::the_open_palette_owns_the_arrow_keys;infiltrator-iced::test_mounts::multimodal_shell_tests::the_shell_tracks_window_focus_for_the_shared_cadence;infiltrator-iced::headless::palette_scenarios_tests::palette_empty_enter_and_escape_schedule_no_commands	success	Shared keyboard focus cycle, command palette navigation, shortcut bindings and focus trap
shell-keyboard-focus	bevy	contract	anchored	infiltrator-contract::ime::tests::a_focused_caret_enables_the_plan_and_no_focus_disables_it	success	Shared keyboard focus cycle, command palette navigation, shortcut bindings and focus trap
shell-keyboard-focus	bevy	scenario	anchored	infiltrator-bevy-ui::headless::command_palette_tests::test_palette_keyboard_navigation_typing_and_close;infiltrator-bevy-ui::headless::shortcut_tests::product_defaults_bind_every_action	success	Shared keyboard focus cycle, command palette navigation, shortcut bindings and focus trap
proxies-probe-settings	iced	contract	anchored	infiltrator-application::proxy_probe_options_projection::tests::validation_preserves_drafts_and_rejects_unsupported_timeout_before_execution;infiltrator-application::proxy_probe_options_projection::tests::stored_invalid_values_and_read_failure_never_become_synthetic_applied_defaults;infiltrator-application::proxy_probe_editor::tests::cancel_validation_failure_and_stale_results_cannot_publish_applied_options;infiltrator-application::command_application::settings_write_tests::probe_options_persist_atomically_preserve_unrelated_settings_and_refuse_bad_or_failed_writes;infiltrator-application::command_application::rule_edit_tests::probe_tests::saved_parameters_drive_real_leaf_group_and_engine_probes_and_invalid_values_have_no_probe_effect;infiltrator-application::command_application::rule_edit_tests::probe_tests::fallback_group_probe_reports_partial_failure_preserves_permission_and_waits_for_every_leaf	success,cancel,error,retry,refresh	-
proxies-probe-settings	iced	scenario	anchored	infiltrator-iced::headless::probe_settings_tests::native_parameter_modal_cancels_without_writing_and_retries_durable_failure_without_publishing_drafts;infiltrator-iced::headless::probe_settings_tests::escape_and_navigation_discard_only_unsubmitted_drafts_and_never_reopen_after_late_failure;infiltrator-iced::view_root::modals::card::tests::modal_scrim_consumes_background_clicks_and_scroll_without_selecting_or_probing_hidden_nodes;infiltrator-iced::view_root::modals::card::tests::real_modal_buttons_still_receive_clicks_and_cancel_without_background_side_effects	success,cancel,error,retry,refresh	-
proxies-probe-settings	bevy	contract	anchored	infiltrator-application::proxy_probe_options_projection::tests::validation_preserves_drafts_and_rejects_unsupported_timeout_before_execution;infiltrator-application::proxy_probe_options_projection::tests::stored_invalid_values_and_read_failure_never_become_synthetic_applied_defaults;infiltrator-application::proxy_probe_editor::tests::cancel_validation_failure_and_stale_results_cannot_publish_applied_options;infiltrator-application::command_application::settings_write_tests::probe_options_persist_atomically_preserve_unrelated_settings_and_refuse_bad_or_failed_writes;infiltrator-application::command_application::rule_edit_tests::probe_tests::saved_parameters_drive_real_leaf_group_and_engine_probes_and_invalid_values_have_no_probe_effect;infiltrator-application::command_application::rule_edit_tests::probe_tests::fallback_group_probe_reports_partial_failure_preserves_permission_and_waits_for_every_leaf	success,cancel,error,retry,refresh	-
proxies-probe-settings	bevy	scenario	anchored	infiltrator-bevy-ui::headless::probe_settings_tests::native_parameter_modal_preserves_input_entities_cancel_has_no_write_and_real_failure_retries;infiltrator-bevy-ui::headless::probe_settings_tests::pending_native_fields_are_disabled_and_wrong_command_or_request_cannot_finish_the_write	success,cancel,error,retry,refresh	-
settings-language-choice	iced	contract	anchored	infiltrator-contract::language::tests::aliases_canonicalize_but_unknown_preferences_never_turn_into_chinese;infiltrator-application::language_choice::tests::durable_failure_stale_results_retry_and_old_reader_cannot_publish_or_undo_a_choice;infiltrator-application::language_choice::tests::invalid_stored_language_and_read_failure_do_not_invent_a_saved_choice;infiltrator-application::command_application::settings_write_tests::language_commands_canonicalize_and_persist_only_after_success_without_overwriting_unrelated_settings;infiltrator-application::language_choice::tests::successful_refresh_clears_only_read_failures_and_keeps_unsaved_command_failures;infiltrator-application::settings_status_projection::tests::resource_copy_uses_the_observed_limit_and_distinguishes_zero_missing_and_unsampled;infiltrator-application::settings_status_projection::tests::ready_mtu_with_missing_observations_never_reports_zero_or_claims_application;infiltrator-application::settings_status_projection::tests::status_failure_is_redacted_and_user_braces_are_not_reinterpreted_in_either_locale;infiltrator-application::aggregation_preview_projection::tests::preview_folds_observed_counters_missing_sources_groups_and_full_shared_yaml_viewport;infiltrator-application::aggregation_preview_projection::tests::missing_preview_empty_groups_and_unsupported_template_store_remain_distinct	success,error,retry,refresh,focus	-
settings-language-choice	iced	scenario	anchored	infiltrator-iced::headless::language_choice_tests::native_language_save_failure_retry_and_refresh_preserve_widget_focus_selection_draft_and_ime	success,error,retry,refresh,focus	-
settings-language-choice	bevy	contract	anchored	infiltrator-contract::language::tests::aliases_canonicalize_but_unknown_preferences_never_turn_into_chinese;infiltrator-application::language_choice::tests::durable_failure_stale_results_retry_and_old_reader_cannot_publish_or_undo_a_choice;infiltrator-application::language_choice::tests::invalid_stored_language_and_read_failure_do_not_invent_a_saved_choice;infiltrator-application::command_application::settings_write_tests::language_commands_canonicalize_and_persist_only_after_success_without_overwriting_unrelated_settings;infiltrator-application::language_choice::tests::successful_refresh_clears_only_read_failures_and_keeps_unsaved_command_failures;infiltrator-application::settings_status_projection::tests::resource_copy_uses_the_observed_limit_and_distinguishes_zero_missing_and_unsampled;infiltrator-application::settings_status_projection::tests::ready_mtu_with_missing_observations_never_reports_zero_or_claims_application;infiltrator-application::settings_status_projection::tests::status_failure_is_redacted_and_user_braces_are_not_reinterpreted_in_either_locale;infiltrator-application::aggregation_preview_projection::tests::preview_folds_observed_counters_missing_sources_groups_and_full_shared_yaml_viewport;infiltrator-application::aggregation_preview_projection::tests::missing_preview_empty_groups_and_unsupported_template_store_remain_distinct	success,error,retry,refresh,focus	-
settings-language-choice	bevy	scenario	anchored	infiltrator-bevy-ui::headless::language_choice_tests::real_language_buttons_retry_failed_save_and_refresh_keeps_entities_draft_selection_preedit_and_palette_locale;infiltrator-bevy-ui::headless::localization_tests::typed_scene_labels_keep_native_checkbox_input_accessibility_focus_selection_and_preedit;infiltrator-bevy-ui::headless::pages_matrix_a_tests::profiles_aggregator::aggregation_copy_replays_real_report_without_replacing_the_live_draft_or_clearing_validation;infiltrator-bevy-ui::headless::pages_matrix_a_tests::profiles_aggregator::native_aggregation_checkbox_clicks_change_only_the_draft_and_the_next_submit_reads_the_new_choices;infiltrator-bevy-ui::headless::localization_tests::shell_mode_text_and_accessibility_refresh_in_place_from_shared_copy	success,error,retry,refresh,focus	-
app-routing-policy-editor	iced	contract	anchored	infiltrator-application::routing_projection::tests::policy_copy_agrees_with_actual_selected_and_unselected_app_decisions;infiltrator-application::routing_projection::tests::uwp_summary_counts_real_flags_and_unsupported_never_reports_zero_success;infiltrator-application::command_application::tests::parses_android_and_desktop_routing_vocabulary	success,cancel,error,refresh,unsupported	Shared per-app split tunneling policy, process rule editor and platform capability handling
app-routing-policy-editor	iced	scenario	anchored	infiltrator-iced::test_mounts::iced_six_advancements_tests::test_advancement_2_app_routing_grid_state_and_transitions	success,cancel,error,refresh,unsupported	Shared per-app split tunneling policy, process rule editor and platform capability handling
app-routing-policy-editor	bevy	contract	anchored	infiltrator-application::routing_projection::tests::policy_copy_agrees_with_actual_selected_and_unselected_app_decisions;infiltrator-application::routing_projection::tests::uwp_summary_counts_real_flags_and_unsupported_never_reports_zero_success;infiltrator-application::command_application::tests::parses_android_and_desktop_routing_vocabulary	success,cancel,error,refresh,unsupported	Shared per-app split tunneling policy, process rule editor and platform capability handling
app-routing-policy-editor	bevy	scenario	anchored	infiltrator-bevy-ui::headless::pages_matrix_b_tests::app::test_app_routing_page_mounting_and_default_state;infiltrator-bevy-ui::headless::pages_matrix_b_tests::app::test_app_routing_add_rule_submits_command;infiltrator-bevy-ui::headless::pages_matrix_b_tests::app::test_app_routing_switch_rule_submits_command;infiltrator-bevy-ui::headless::pages_matrix_b_tests::app::test_app_routing_uwp_actions_submit_shared_commands	success,cancel,error,refresh,unsupported	Shared per-app split tunneling policy, process rule editor and platform capability handling
rules-list-editor	iced	contract	anchored	infiltrator-application::rule_list_application::tests::staged_edits_cancel_permission_retry_and_atomic_source_change_keep_exact_profile_ownership;infiltrator-application::rule_list_application::tests::full_document_edits_past_the_publish_cap_cannot_drop_rules_or_accept_invented_targets;infiltrator-application::rule_list_application::tests::failed_read_changed_source_and_unobserved_success_preserve_draft_until_explicit_discard;infiltrator-application::rule_list_application::tests::row_identity_survives_reorder_and_prepend_but_rejects_removed_discarded_and_replaced_rows;infiltrator-application::rule_list_application::tests::unsent_form_source_is_retained_across_refresh_and_only_explicit_reset_rebinds_it;infiltrator-application::rule_row_projection::tests::unknown_zero_disabled_and_shadowed_local_trace_counts_have_shared_copy;infiltrator-application::rule_tracer_application::statistics_test::source_names_and_hashes_fence_counts_latency_and_read_only_replay;infiltrator-application::rule_tracer_application::statistics_test::failed_source_load_retains_same_source_statistics_without_counting_another_trace;infiltrator-application::rule_tracer_application::statistics_test::duplicate_raw_rules_and_named_descents_record_the_actual_root_identity_once;infiltrator-application::rule_statistics_projection::tests::absent_and_measured_zero_statistics_have_distinct_localized_copy;infiltrator-application::rule_statistics_projection::tests::qualified_audit_and_duplicate_requests_cannot_disable_a_different_identical_row;infiltrator-application::rule_list_projection::rule_list_projection_test::draft_row_trace_observations_are_bound_to_the_exact_document_source;infiltrator-application::rule_list_projection::rule_list_projection_test::published_zero_unknown_and_unpublished_rows_remain_distinct;infiltrator-application::rule_list_projection::rule_list_projection_test::duplicate_rule_text_keeps_each_original_rows_observation_after_reorder	success,cancel,error,retry,refresh,stale,focus	Current behavior anchors; fresh native pixels still required
rules-list-editor	iced	scenario	anchored	infiltrator-iced::test_mounts::rules_dns_tests::rule_list::tea_list_draft_discard_permission_retry_and_changed_source_never_rewrite_another_profile;infiltrator-iced::test_mounts::rules_dns_tests::rule_list::tea_rule_rows_retain_source_parameters_invalid_raw_and_exact_search_without_inventing_an_outbound;infiltrator-iced::test_mounts::rules_dns_tests::rule_list::tea_shell_count_replays_actual_complete_rule_facts_while_an_old_source_draft_is_retained;infiltrator-iced::test_mounts::rules_dns_tests::rule_list::tea_queued_row_actions_follow_identity_and_old_source_controls_cannot_mutate_new_rows;infiltrator-iced::test_mounts::rules_dns_tests::rule_list::tea_unsent_form_retains_old_source_until_explicit_discard_and_never_stages_into_new_profile;infiltrator-iced::test_mounts::rules_dns_tests::rule_list::tea_rule_hit_counts_replay_shared_rows_and_ignore_unrelated_connection_snapshots	success,cancel,error,retry,refresh,stale,focus	Current behavior anchors; fresh native pixels still required
rules-list-editor	bevy	contract	anchored	infiltrator-application::rule_list_application::tests::staged_edits_cancel_permission_retry_and_atomic_source_change_keep_exact_profile_ownership;infiltrator-application::rule_list_application::tests::full_document_edits_past_the_publish_cap_cannot_drop_rules_or_accept_invented_targets;infiltrator-application::rule_list_application::tests::failed_read_changed_source_and_unobserved_success_preserve_draft_until_explicit_discard;infiltrator-application::rule_list_application::tests::row_identity_survives_reorder_and_prepend_but_rejects_removed_discarded_and_replaced_rows;infiltrator-application::rule_list_application::tests::unsent_form_source_is_retained_across_refresh_and_only_explicit_reset_rebinds_it;infiltrator-application::rule_row_projection::tests::unknown_zero_disabled_and_shadowed_local_trace_counts_have_shared_copy;infiltrator-application::rule_tracer_application::statistics_test::source_names_and_hashes_fence_counts_latency_and_read_only_replay;infiltrator-application::rule_tracer_application::statistics_test::failed_source_load_retains_same_source_statistics_without_counting_another_trace;infiltrator-application::rule_tracer_application::statistics_test::duplicate_raw_rules_and_named_descents_record_the_actual_root_identity_once;infiltrator-application::rule_statistics_projection::tests::absent_and_measured_zero_statistics_have_distinct_localized_copy;infiltrator-application::rule_statistics_projection::tests::qualified_audit_and_duplicate_requests_cannot_disable_a_different_identical_row;infiltrator-application::rule_list_projection::rule_list_projection_test::draft_row_trace_observations_are_bound_to_the_exact_document_source;infiltrator-application::rule_list_projection::rule_list_projection_test::published_zero_unknown_and_unpublished_rows_remain_distinct;infiltrator-application::rule_list_projection::rule_list_projection_test::duplicate_rule_text_keeps_each_original_rows_observation_after_reorder	success,cancel,error,retry,refresh,stale,focus	Current behavior anchors; fresh native pixels still required
rules-list-editor	bevy	scenario	anchored	infiltrator-bevy-ui::headless::rule_list_action_tests::native_list_toggle_discard_permission_retry_and_changed_profile_keep_full_draft_and_actual_bytes;infiltrator-bevy-ui::headless::rule_list_action_tests::native_builder_keyboard_ime_hidden_tab_route_restore_and_language_refresh_preserve_unsaved_fields;infiltrator-bevy-ui::headless::rule_list_action_tests::native_rule_rows_replay_exact_raw_parameters_and_parse_failures_across_locale_changes;infiltrator-bevy-ui::headless::rule_list_action_tests::native_shell_counts_follow_the_real_reader_and_locale_without_replacing_the_entity;infiltrator-bevy-ui::headless::rule_list_action_tests::native_queued_clicks_keep_the_original_row_after_reorder_and_retire_on_discard;infiltrator-bevy-ui::headless::rule_list_action_tests::native_unsent_form_keeps_source_and_fields_until_discard_then_stages_only_the_new_document;infiltrator-bevy-ui::headless::rule_list_action_tests::native_rule_hits_replay_shared_counts_and_localize_without_replacing_the_row_text	success,cancel,error,retry,refresh,stale,focus	Current behavior anchors; fresh native pixels still required
shell-proxy-mode-control	iced	contract	anchored	infiltrator-application::proxy_mode_actions::tests::stale_receipts_and_old_generations_cannot_publish_or_unlock_a_new_mode_request;infiltrator-application::core_application::tests::mode_commands_use_the_injected_overview_port;infiltrator-application::proxy_mode_actions::tests::config_reads_crossing_a_write_or_retirement_cannot_overwrite_verified_mode;infiltrator-application::proxy_mode_actions::tests::write_failure_remains_distinct_from_read_status_and_retry_requires_a_retryable_failure_and_live_facts	success,error,retry,close,stale,refresh,pending,unsupported,guide	-
shell-proxy-mode-control	iced	scenario	anchored	infiltrator-iced::test_mounts::proxy_mode_native_tests::native_retry_and_dismiss_execute_shared_commands_without_desktop_runtime_and_keep_actual_lifecycle;infiltrator-iced::test_mounts::proxy_mode_race_tests::config_reads_started_before_or_during_mode_write_cannot_restore_the_old_mode;infiltrator-iced::test_mounts::proxy_mode_race_tests::failed_config_read_disables_retry_until_live_mode_facts_recover_and_keeps_write_reason;infiltrator-iced::test_mounts::proxy_mode_race_tests::mismatched_mode_receipt_preserves_actual_mode_and_exposes_retry_instead_of_claiming_target	success,error,retry,close,stale,refresh,pending,unsupported,guide	-
shell-proxy-mode-control	bevy	contract	anchored	infiltrator-application::proxy_mode_actions::tests::stale_receipts_and_old_generations_cannot_publish_or_unlock_a_new_mode_request;infiltrator-application::core_application::tests::mode_commands_use_the_injected_overview_port;infiltrator-application::proxy_mode_actions::tests::config_reads_crossing_a_write_or_retirement_cannot_overwrite_verified_mode;infiltrator-application::proxy_mode_actions::tests::write_failure_remains_distinct_from_read_status_and_retry_requires_a_retryable_failure_and_live_facts	success,error,retry,close,stale,refresh,pending,unsupported,guide	-
shell-proxy-mode-control	bevy	scenario	anchored	infiltrator-bevy-ui::headless::mode_change_tests::native_mode_failure_retry_and_dismiss_keep_lifecycle_true_and_old_generation_receipts_cannot_finish_new_requests;infiltrator-bevy-ui::headless::overview_tests::overview_mode::overview_mode_segment_uses_correlated_mode_state_without_a_second_command_sink;infiltrator-bevy-ui::headless::runtime_observation_tests::native_mode_and_tun_controls_remain_unknown_until_observed_and_failed_reads_block_actions;infiltrator-bevy-ui::headless::controller_tests::refused_mode_failure_survives_healthy_reads_without_corrupting_lifecycle_until_dismissed	success,error,retry,close,stale,refresh,pending,unsupported,guide	-
shell-proxy-mode-authentication	iced	contract	anchored	infiltrator-application::proxy_mode_actions::tests::stale_receipts_and_old_generations_cannot_publish_or_unlock_a_new_mode_request;infiltrator-application::core_application::tests::mode_commands_use_the_injected_overview_port;infiltrator-application::proxy_mode_actions::tests::config_reads_crossing_a_write_or_retirement_cannot_overwrite_verified_mode;infiltrator-application::proxy_mode_actions::tests::write_failure_remains_distinct_from_read_status_and_retry_requires_a_retryable_failure_and_live_facts	error,guide,close	-
shell-proxy-mode-authentication	iced	scenario	anchored	infiltrator-iced::test_mounts::proxy_mode_native_tests::native_retry_and_dismiss_execute_shared_commands_without_desktop_runtime_and_keep_actual_lifecycle;infiltrator-iced::test_mounts::proxy_mode_race_tests::config_reads_started_before_or_during_mode_write_cannot_restore_the_old_mode;infiltrator-iced::test_mounts::proxy_mode_race_tests::failed_config_read_disables_retry_until_live_mode_facts_recover_and_keeps_write_reason;infiltrator-iced::test_mounts::proxy_mode_race_tests::mismatched_mode_receipt_preserves_actual_mode_and_exposes_retry_instead_of_claiming_target	error,guide,close	-
shell-proxy-mode-authentication	bevy	contract	anchored	infiltrator-application::proxy_mode_actions::tests::stale_receipts_and_old_generations_cannot_publish_or_unlock_a_new_mode_request;infiltrator-application::core_application::tests::mode_commands_use_the_injected_overview_port;infiltrator-application::proxy_mode_actions::tests::config_reads_crossing_a_write_or_retirement_cannot_overwrite_verified_mode;infiltrator-application::proxy_mode_actions::tests::write_failure_remains_distinct_from_read_status_and_retry_requires_a_retryable_failure_and_live_facts	error,guide,close	-
shell-proxy-mode-authentication	bevy	scenario	anchored	infiltrator-bevy-ui::headless::mode_change_tests::native_mode_failure_retry_and_dismiss_keep_lifecycle_true_and_old_generation_receipts_cannot_finish_new_requests;infiltrator-bevy-ui::headless::overview_tests::overview_mode::overview_mode_segment_uses_correlated_mode_state_without_a_second_command_sink;infiltrator-bevy-ui::headless::runtime_observation_tests::native_mode_and_tun_controls_remain_unknown_until_observed_and_failed_reads_block_actions;infiltrator-bevy-ui::headless::controller_tests::refused_mode_failure_survives_healthy_reads_without_corrupting_lifecycle_until_dismissed	error,guide,close	-
logs-scroll-lock	iced	contract	anchored	infiltrator-application::log_follow::tests::growth_does_not_stop_following_but_actual_history_scroll_does_and_resume_returns_to_end;infiltrator-application::log_follow::tests::explicit_lock_survives_end_scroll_resize_and_invalid_geometry_until_user_resumes	success,lock,resume,history,growth	Actual viewport and native control evidence; fresh pixel receipts required
logs-scroll-lock	iced	scenario	anchored	infiltrator-iced::test_mounts::log_search_native_tests::native_follow_toggle_locks_scroll_operations_without_stopping_actual_log_ingestion	success,lock,resume,history,growth	Actual viewport and native control evidence; fresh pixel receipts required
logs-scroll-lock	bevy	contract	anchored	infiltrator-application::log_follow::tests::growth_does_not_stop_following_but_actual_history_scroll_does_and_resume_returns_to_end;infiltrator-application::log_follow::tests::explicit_lock_survives_end_scroll_resize_and_invalid_geometry_until_user_resumes	success,lock,resume,history,growth	Actual viewport and native control evidence; fresh pixel receipts required
logs-scroll-lock	bevy	scenario	anchored	infiltrator-bevy-ui::headless::pages_matrix_a_tests::log_follow::native_history_scroll_lock_growth_and_resume_move_only_the_real_scroll_surface	success,lock,resume,history,growth	Actual viewport and native control evidence; fresh pixel receipts required
logs-redacted-export	iced	contract	anchored	infiltrator-application::log_export_application::tests::cancel_is_effect_free_and_confirmation_freezes_all_records_despite_filter_and_growth;infiltrator-application::log_export_application::tests::failure_and_wrong_receipt_do_not_become_success_and_retry_keeps_the_prepared_source;infiltrator-application::log_export_application::tests::superseded_confirmation_and_changed_controller_session_cannot_write;infiltrator-application::log_export_application::tests::missing_host_is_typed_unsupported_and_observed_empty_differs_from_unobserved;infiltrator-application::log_export_application::tests::pending_save_rejects_cancel_prepare_and_duplicate_and_dropped_future_releases_the_guard;infiltrator-application::log_export_actions::tests::save_failure_remains_visible_retry_reuses_identity_and_only_a_matching_real_receipt_completes;infiltrator-application::log_export_actions::tests::prepare_requires_typed_summary_and_cancel_cannot_submit_a_save_or_close_a_pending_request;infiltrator-application::log_export_actions::tests::wrong_bytes_and_unrelated_source_receipts_remain_failures_with_no_saved_path	success,cancel,error,retry,stale,pending,unsupported,filtered	Source-bound command and pure state-machine behavior; native delivery remains pending
logs-redacted-export	iced	scenario	anchored	infiltrator-iced::view_root::modals::log_export::tests::native_prepare_cancel_confirm_pending_and_real_redacted_receipt_preserve_fixed_scope;infiltrator-iced::view_root::modals::log_export::tests::native_permission_failure_retries_the_same_reviewed_source_and_restarted_source_never_writes;infiltrator-iced::view_root::modals::log_export::tests::native_unsupported_host_keeps_the_reason_and_allows_effect_free_close	success,cancel,error,retry,stale,pending,unsupported,filtered	Actual native controls, keyboard and isolated host files; fresh viewport receipts required
logs-redacted-export	bevy	contract	anchored	infiltrator-application::log_export_application::tests::cancel_is_effect_free_and_confirmation_freezes_all_records_despite_filter_and_growth;infiltrator-application::log_export_application::tests::failure_and_wrong_receipt_do_not_become_success_and_retry_keeps_the_prepared_source;infiltrator-application::log_export_application::tests::superseded_confirmation_and_changed_controller_session_cannot_write;infiltrator-application::log_export_application::tests::missing_host_is_typed_unsupported_and_observed_empty_differs_from_unobserved;infiltrator-application::log_export_application::tests::pending_save_rejects_cancel_prepare_and_duplicate_and_dropped_future_releases_the_guard;infiltrator-application::log_export_actions::tests::save_failure_remains_visible_retry_reuses_identity_and_only_a_matching_real_receipt_completes;infiltrator-application::log_export_actions::tests::prepare_requires_typed_summary_and_cancel_cannot_submit_a_save_or_close_a_pending_request;infiltrator-application::log_export_actions::tests::wrong_bytes_and_unrelated_source_receipts_remain_failures_with_no_saved_path	success,cancel,error,retry,stale,pending,unsupported,filtered	Source-bound command and pure state-machine behavior; native delivery remains pending
logs-redacted-export	bevy	scenario	anchored	infiltrator-bevy-ui::headless::log_export_tests::native_modal_cancel_and_confirm_freeze_all_records_and_show_only_an_actual_redacted_file_receipt;infiltrator-bevy-ui::headless::log_export_tests::native_failure_retry_pending_cancel_and_old_controller_source_keep_actual_host_effects_correlated;infiltrator-bevy-ui::headless::log_export_tests::native_missing_host_is_explicit_unsupported_and_cancel_remains_effect_free	success,cancel,error,retry,stale,pending,unsupported,filtered	Actual native controls, keyboard and isolated host files; fresh viewport receipts required
runtime-telemetry-observation	iced	contract	anchored	infiltrator-application::shell_readout_application::tests::failed_reads_preserve_zero_as_stale_and_same_generation_new_tokens_retire_old_rates;infiltrator-application::traffic_readout_projection::tests::absent_zero_retained_and_wrong_generation_peaks_have_distinct_copy;infiltrator-domain::traffic_waveform::tests::same_generation_new_session_retires_the_old_curve_and_stop_retains_without_adding_zero;infiltrator-application::core_status_projection::tests::lifecycle_and_source_copy_keep_pending_failure_unknown_and_demo_distinct_in_both_languages;infiltrator-application::core_status_projection::tests::busy_lifecycles_have_no_fabricated_failure_and_actual_read_errors_remain_visible_and_redacted	unknown,zero,error,stale,refresh,locale	Actual reader warmup, measured zero, retained failure, new session and locale behavior; fresh native pixels required
runtime-telemetry-observation	iced	scenario	anchored	infiltrator-iced::test_mounts::traffic_observation_tests::composed_rates_unknown_zero_failed_stale_and_new_session_are_distinct_and_unscoped_streams_cannot_replace_them	unknown,zero,error,stale,refresh,locale	Actual reader warmup, measured zero, retained failure, new session and locale behavior; fresh native pixels required
runtime-telemetry-observation	bevy	contract	anchored	infiltrator-application::shell_readout_application::tests::failed_reads_preserve_zero_as_stale_and_same_generation_new_tokens_retire_old_rates;infiltrator-application::traffic_readout_projection::tests::absent_zero_retained_and_wrong_generation_peaks_have_distinct_copy;infiltrator-domain::traffic_waveform::tests::same_generation_new_session_retires_the_old_curve_and_stop_retains_without_adding_zero;infiltrator-application::core_status_projection::tests::lifecycle_and_source_copy_keep_pending_failure_unknown_and_demo_distinct_in_both_languages;infiltrator-application::core_status_projection::tests::busy_lifecycles_have_no_fabricated_failure_and_actual_read_errors_remain_visible_and_redacted	unknown,zero,error,stale,refresh,locale	Actual reader warmup, measured zero, retained failure, new session and locale behavior; fresh native pixels required
runtime-telemetry-observation	bevy	scenario	anchored	infiltrator-bevy-ui::headless::traffic_observation_tests::native_rates_unknown_zero_failed_stale_locale_and_new_session_follow_the_shared_observation_owner;infiltrator-bevy-ui::headless::controller_tests::pump_drain_records_actual_shared_samples_into_the_chart;infiltrator-bevy-ui::history::observation_tests::empty_new_source_never_resurrects_previous_native_history_and_one_measured_zero_is_retained;infiltrator-bevy-ui::headless::traffic_observation_tests::overview_uses_actual_native_scroll_input_and_preserves_the_page_and_rate_entities;infiltrator-bevy-ui::headless::overview_tests::copy::locale_replays_nested_labels_values_and_a11y_without_replacing_active_url_input_or_ime;infiltrator-bevy-ui::headless::overview_tests::copy::pending_lifecycles_are_visible_without_fabricated_errors_and_their_ink_survives_theme_replay	unknown,zero,error,stale,refresh,locale	Actual reader warmup, measured zero, retained failure, new session and locale behavior; fresh native pixels required
rules-statistics-inspector	iced	contract	anchored	infiltrator-application::rule_statistics_workbench::tests::cleanup_cancel_changes_nothing_and_confirm_follows_stable_identity_after_reorder;infiltrator-application::rule_statistics_workbench::tests::failed_reads_retain_values_as_stale_and_new_sources_retire_them_without_cancelling_review;infiltrator-application::rule_statistics_workbench::tests::reset_waits_for_matching_receipt_and_rejects_old_readback_and_foreign_completions;infiltrator-application::rule_statistics_workbench::tests::unqualified_counts_cannot_become_current_or_enable_cleanup_and_reset;infiltrator-application::rule_statistics_workbench::tests::invalid_reset_receipts_preserve_counts_and_retry_allocates_a_new_operation;infiltrator-application::rule_statistics_workbench::tests::fresh_readback_before_terminal_receipt_completes_without_waiting_for_another_refresh;infiltrator-application::rule_tracer_application::statistics_test::source_names_and_hashes_fence_counts_latency_and_read_only_replay;infiltrator-application::rule_tracer_application::statistics_test::failed_source_load_retains_same_source_statistics_without_counting_another_trace;infiltrator-application::rule_tracer_application::statistics_test::duplicate_raw_rules_and_named_descents_record_the_actual_root_identity_once	unknown,success,cancel,error,retry,refresh,stale,pending,locale,cleanup	Source-qualified workbench, native SDK review/cancel and actual reset receipt/readback; fresh review pixels required
rules-statistics-inspector	iced	scenario	anchored	infiltrator-iced::test_mounts::rules_dns_tests::statistics::native_statistics_cleanup_cancel_and_confirm_require_independent_review_and_never_persist;infiltrator-iced::test_mounts::rules_dns_tests::statistics::native_statistics_reset_permission_retry_requires_matching_receipt_and_actual_readback;infiltrator-iced::test_mounts::rules_dns_tests::statistics::native_statistics_changed_source_retains_review_but_disabled_confirm_publishes_no_action;infiltrator-iced::test_mounts::rules_dns_tests::statistics::native_statistics_unknown_cannot_emit_a_reset_and_locale_replays_shared_copy	unknown,success,cancel,error,retry,refresh,stale,pending,locale,cleanup	Source-qualified workbench, native SDK review/cancel and actual reset receipt/readback; fresh review pixels required
rules-statistics-inspector	bevy	contract	anchored	infiltrator-application::rule_statistics_workbench::tests::cleanup_cancel_changes_nothing_and_confirm_follows_stable_identity_after_reorder;infiltrator-application::rule_statistics_workbench::tests::failed_reads_retain_values_as_stale_and_new_sources_retire_them_without_cancelling_review;infiltrator-application::rule_statistics_workbench::tests::reset_waits_for_matching_receipt_and_rejects_old_readback_and_foreign_completions;infiltrator-application::rule_statistics_workbench::tests::unqualified_counts_cannot_become_current_or_enable_cleanup_and_reset;infiltrator-application::rule_statistics_workbench::tests::invalid_reset_receipts_preserve_counts_and_retry_allocates_a_new_operation;infiltrator-application::rule_statistics_workbench::tests::fresh_readback_before_terminal_receipt_completes_without_waiting_for_another_refresh;infiltrator-application::rule_tracer_application::statistics_test::source_names_and_hashes_fence_counts_latency_and_read_only_replay;infiltrator-application::rule_tracer_application::statistics_test::failed_source_load_retains_same_source_statistics_without_counting_another_trace;infiltrator-application::rule_tracer_application::statistics_test::duplicate_raw_rules_and_named_descents_record_the_actual_root_identity_once	unknown,success,cancel,error,retry,refresh,stale,pending,locale,cleanup	Source-qualified workbench, native SDK review/cancel and actual reset receipt/readback; fresh review pixels required
rules-statistics-inspector	bevy	scenario	anchored	infiltrator-bevy-ui::headless::rule_statistics_action_tests::native_statistics_cleanup_cancel_restores_focus_and_confirm_changes_only_the_draft;infiltrator-bevy-ui::headless::rule_statistics_action_tests::native_statistics_reset_failure_retry_waits_for_actual_readback_and_keeps_localized_entities;infiltrator-bevy-ui::headless::rule_statistics_action_tests::native_statistics_source_change_keeps_review_visible_and_rejects_confirmation;infiltrator-bevy-ui::headless::rule_statistics_action_tests::native_statistics_unknown_is_readonly_and_language_refresh_keeps_the_status_entity	unknown,success,cancel,error,retry,refresh,stale,pending,locale,cleanup	Source-qualified workbench, native SDK review/cancel and actual reset receipt/readback; fresh review pixels required
profiles-script-sandbox	iced	contract	anchored	infiltrator-application::script_sandbox_matrix_application::script_sandbox_matrix_application_test::deterministic_matrix_passes_every_covered_item_with_no_gaps;infiltrator-application::script_sandbox_matrix_application::script_sandbox_matrix_application_test::matrix_is_deterministic_across_runs	unknown,success,error,retry,pending,clear,presets,locale	Shared script sandbox execution engine, multiline editing, console output and preset runs
profiles-script-sandbox	iced	scenario	anchored	infiltrator-iced::headless::scripting_matrix_tests::script_sandbox_matrix_passes_on_the_iced_surface;infiltrator-iced::test_mounts::script_workbench_tests::native_sandbox_pending_edit_fence_clear_and_hostless_export_remain_actual_commands	unknown,success,error,retry,pending,clear,presets,locale	Shared script sandbox execution engine, multiline editing, console output and preset runs
profiles-script-sandbox	bevy	contract	anchored	infiltrator-application::script_sandbox_matrix_application::script_sandbox_matrix_application_test::deterministic_matrix_passes_every_covered_item_with_no_gaps;infiltrator-application::script_sandbox_matrix_application::script_sandbox_matrix_application_test::matrix_is_deterministic_across_runs	unknown,success,error,retry,pending,clear,presets,locale	Shared script sandbox execution engine, multiline editing, console output and preset runs
profiles-script-sandbox	bevy	scenario	anchored	infiltrator-bevy-ui::headless::pages_matrix_a_tests::script::test_script_sandbox_matrix_passes_on_the_bevy_surface;infiltrator-bevy-ui::headless::script_workbench_tests::native_multiline_run_and_clear_preserve_unicode_crlf_and_locale_entity_identity	unknown,success,error,retry,pending,clear,presets,locale	Shared script sandbox execution engine, multiline editing, console output and preset runs
profiles-script-export-review	iced	contract	anchored	infiltrator-application::script_export_application::script_export_application_test::a_host_with_a_save_port_persists_the_real_artifact_and_reports_the_path;infiltrator-application::script_export_application::script_export_application_test::a_host_without_a_save_port_reports_typed_unsupported_without_losing_content;infiltrator-application::script_export_application::script_export_application_test::export_projection_clears_and_republishes	success,cancel,error,retry,pending,unsupported,locale	Shared script export review modal, permission retry, destination path selection and save
profiles-script-export-review	iced	scenario	anchored	infiltrator-iced::test_mounts::script_workbench_tests::native_sandbox_pending_edit_fence_clear_and_hostless_export_remain_actual_commands;infiltrator-iced::headless::scripting_matrix_tests::three_column_editor_and_export_ride_the_shared_reduction	success,cancel,error,retry,pending,unsupported,locale	Shared script export review modal, permission retry, destination path selection and save
profiles-script-export-review	bevy	contract	anchored	infiltrator-application::script_export_application::script_export_application_test::a_host_with_a_save_port_persists_the_real_artifact_and_reports_the_path;infiltrator-application::script_export_application::script_export_application_test::a_host_without_a_save_port_reports_typed_unsupported_without_losing_content;infiltrator-application::script_export_application::script_export_application_test::export_projection_clears_and_republishes	success,cancel,error,retry,pending,unsupported,locale	Shared script export review modal, permission retry, destination path selection and save
profiles-script-export-review	bevy	scenario	anchored	infiltrator-bevy-ui::headless::script_workbench_tests::native_export_cancel_is_side_effect_free_and_retry_writes_only_reviewed_bytes	success,cancel,error,retry,pending,unsupported,locale	Shared script export review modal, permission retry, destination path selection and save
